vessel_name,destination,distance,departure_date,arrival_estimate,cargo_volume_ton,vehicle_type,capacity_ton,rainfall_mm,wind_speed_kmh,wave_height_m,temperature_c,humidity_percent,wsi,weather_status,load_ratio,load_status,base_speed,weather_factor,actual_speed,speed_status,duration,arrival_estimate_new,shipment_status,fleet_status_new,week_start,is_extreme,week_number
KM Laut Sejahtera,Singkawang,922,2024-11-06,2024-11-14,60.0,Water Truck,60.0,13.0,10.0,2.32,24.05,94.32,14.01,Normal,121.62,Layak,45.0,0.6,27.01,Slow,34.14,2024-11-07,delayed,transit,2024-11-04,False,1
MV Cargo Star,Batam,1461,2024-11-10,2024-11-19,461.56,Bulldozer,110.0,6.48,3.47,0.59,28.36,58.64,5.99,Normal,23.3,Tidak Layak,25.0,0.85,21.2,Normal,68.91,2024-11-12,cancelled,maintenance,2024-11-04,False,1
MV Cargo Star,Batam,1461,2024-11-10,2024-11-19,49.78,Water Truck,60.0,49.0,37.15,0.93,23.02,82.16,30.13,Sedang,42.71,Layak,45.0,0.3,13.5,Slow,108.22,2024-11-14,delayed,transit,2024-11-04,False,1
MV Cargo Star,Batam,1461,2024-11-10,2024-11-19,60.0,Water Truck,60.0,6.48,3.47,0.59,28.36,58.64,5.99,Normal,42.71,Layak,45.0,0.85,38.16,Normal,38.28,2024-11-11,on_schedule,transit,2024-11-04,False,1
TB Nusantara Towing,Surabaya,905,2024-11-10,2024-11-15,110.0,Bulldozer,110.0,49.0,37.15,0.93,23.02,82.16,30.13,Sedang,21.29,Layak,25.0,0.3,7.5,Slow,120.67,2024-11-15,delayed,transit,2024-11-04,False,1
TB Nusantara Towing,Surabaya,905,2024-11-10,2024-11-15,418.37,Bulldozer,110.0,6.48,3.47,0.59,28.36,58.64,5.99,Normal,21.29,Tidak Layak,25.0,0.85,21.2,Normal,42.68,2024-11-11,cancelled,maintenance,2024-11-04,False,1
TB Nusantara Towing,Surabaya,905,2024-11-10,2024-11-15,48.23,Water Truck,60.0,49.0,37.15,0.93,23.02,82.16,30.13,Sedang,39.04,Layak,45.0,0.3,13.5,Slow,67.04,2024-11-12,delayed,transit,2024-11-04,False,1
MV Borneo Pearl,Banjarmasin,608,2024-11-13,2024-11-22,60.0,Water Truck,60.0,6.87,4.12,2.0,22.17,56.62,7.04,Normal,65.0,Layak,45.0,0.79,35.5,Normal,17.13,2024-11-13,on_schedule,transit,2024-11-11,False,2
TB Nusantara Towing,Makassar,573,2024-11-13,2024-11-21,269.84,Water Truck,60.0,6.87,4.12,2.0,22.17,56.62,7.04,Normal,375.46,Tidak Layak,45.0,0.79,35.5,Normal,16.14,2024-11-13,cancelled,maintenance,2024-11-11,False,2
MV Borneo Pearl,Banjarmasin,608,2024-11-13,2024-11-22,60.0,Water Truck,60.0,0.5,2.68,0.87,21.16,40.92,3.01,Normal,65.0,Layak,45.0,0.92,41.19,Normal,14.76,2024-11-13,on_schedule,transit,2024-11-11,False,2
MV Borneo Pearl,Banjarmasin,608,2024-11-13,2024-11-22,90.0,Loader,90.0,0.5,2.68,0.87,21.16,40.92,3.01,Normal,43.34,Layak,30.0,0.92,27.46,Normal,22.14,2024-11-13,on_schedule,transit,2024-11-11,False,2
MV Borneo Pearl,Banjarmasin,608,2024-11-13,2024-11-22,52.92,Water Truck,60.0,45.82,25.32,0.77,33.05,51.49,22.11,Sedang,65.0,Layak,45.0,0.3,13.5,Slow,45.04,2024-11-14,delayed,transit,2024-11-11,False,2
MV Borneo Pearl,Banjarmasin,608,2024-11-13,2024-11-22,60.0,Water Truck,60.0,7.46,13.59,0.32,28.54,91.17,11.98,Normal,65.0,Layak,45.0,0.64,28.99,Slow,20.98,2024-11-13,delayed,transit,2024-11-11,False,2
MV Borneo Pearl,Banjarmasin,608,2024-11-13,2024-11-22,40.0,Grader,40.0,6.87,4.12,2.0,22.17,56.62,7.04,Normal,97.51,Layak,35.0,0.79,27.61,Normal,22.02,2024-11-13,on_schedule,transit,2024-11-11,False,2
KM Samudera Raya,Sukadana,813,2024-11-20,2024-11-27,100.55,Excavator,120.0,38.58,13.82,0.39,27.02,51.45,17.57,Normal,165.46,Layak,20.0,0.33,6.52,Slow,124.65,2024-11-25,delayed,transit,2024-11-18,False,3
MV Barito Queen,Jakarta,1305,2024-11-20,2024-11-26,54.75,Water Truck,60.0,38.58,13.82,0.39,27.02,51.45,17.57,Normal,270.73,Layak,45.0,0.33,14.68,Slow,88.93,2024-11-23,delayed,transit,2024-11-18,False,3
KM Samudera Raya,Sukadana,813,2024-11-20,2024-11-27,120.0,Excavator,120.0,30.85,17.24,1.84,23.43,41.59,15.84,Normal,165.46,Layak,20.0,0.3,6.0,Slow,135.5,2024-11-25,delayed,available,2024-11-18,False,3
MT Mahakam Spirit,Singkawang,922,2024-11-21,2024-11-27,90.0,Loader,90.0,31.0,30.36,0.36,29.91,83.6,22.35,Sedang,126.27,Layak,30.0,0.3,9.0,Slow,102.44,2024-11-25,delayed,transit,2024-11-18,False,3
KM Kapuas Indah,Pontianak,864,2024-11-22,2024-11-30,99.18,Excavator,120.0,33.23,3.53,1.02,33.91,66.3,14.35,Normal,133.52,Layak,20.0,0.57,11.33,Slow,76.28,2024-11-25,delayed,transit,2024-11-18,False,3
KM Kapuas Indah,Pontianak,864,2024-11-22,2024-11-30,60.0,Water Truck,60.0,2.56,15.34,1.75,32.92,82.55,10.0,Normal,267.05,Layak,45.0,0.62,27.69,Slow,31.21,2024-11-23,delayed,transit,2024-11-18,False,3
KM Kapuas Indah,Pontianak,864,2024-11-22,2024-11-30,60.0,Water Truck,60.0,33.23,3.53,1.02,33.91,66.3,14.35,Normal,267.05,Layak,45.0,0.57,25.49,Slow,33.9,2024-11-23,delayed,transit,2024-11-18,False,3
MV Barito Queen,Banjarmasin,608,2024-11-30,2024-12-06,349.66,Dump Truck,120.0,2.97,38.97,1.96,28.68,73.1,15.57,Normal,85.48,Tidak Layak,40.0,0.3,12.0,Slow,50.67,2024-12-02,cancelled,maintenance,2024-11-25,False,4
KM Kapuas Indah,Balikpapan,117,2024-11-30,2024-12-05,91.56,Bulldozer,110.0,21.37,3.93,1.33,28.0,56.11,10.53,Normal,167.61,Layak,25.0,0.67,16.7,Slow,7.01,2024-11-30,delayed,transit,2024-11-25,False,4
MV Barito Queen,Banjarmasin,608,2024-11-30,2024-12-06,587.63,Dump Truck,120.0,18.38,6.42,2.3,33.23,87.27,13.1,Normal,85.48,Tidak Layak,40.0,0.62,24.76,Slow,24.56,2024-12-01,cancelled,maintenance,2024-11-25,False,4
KM Laut Sejahtera,Batam,1461,2024-11-30,2024-12-09,110.0,Bulldozer,110.0,21.37,3.93,1.33,28.0,56.11,10.53,Normal,89.37,Layak,25.0,0.67,16.7,Slow,87.49,2024-12-03,delayed,transit,2024-11-25,False,4
KM Kapuas Indah,Balikpapan,117,2024-11-30,2024-12-05,110.0,Bulldozer,110.0,1.9,7.27,2.21,27.42,94.23,9.62,Normal,167.61,Layak,25.0,0.77,19.23,Normal,6.08,2024-11-30,on_schedule,transit,2024-11-25,False,4
KM Kapuas Indah,Balikpapan,117,2024-11-30,2024-12-05,120.0,Dump Truck,120.0,1.9,7.27,2.21,27.42,94.23,9.62,Normal,153.64,Layak,40.0,0.77,30.77,Normal,3.8,2024-11-30,on_schedule,transit,2024-11-25,False,4
MV Barito Queen,Banjarmasin,608,2024-11-30,2024-12-06,106.04,Dump Truck,120.0,1.9,7.27,2.21,27.42,94.23,9.62,Normal,85.48,Layak,40.0,0.77,30.77,Normal,19.76,2024-11-30,on_schedule,transit,2024-11-25,False,4
MV Kalbar Express,Singkawang,922,2024-12-06,2024-12-15,90.0,Loader,90.0,42.46,37.26,1.89,24.79,50.86,25.13,Sedang,116.78,Layak,30.0,0.3,9.0,Slow,102.44,2024-12-10,delayed,transit,2024-12-02,False,5
MV Kalbar Express,Singkawang,922,2024-12-06,2024-12-15,90.0,Loader,90.0,29.42,6.43,0.28,32.08,77.92,15.09,Normal,116.78,Layak,30.0,0.57,17.06,Slow,54.03,2024-12-08,delayed,transit,2024-12-02,False,5
MV Kalbar Express,Singkawang,922,2024-12-06,2024-12-15,173.02,Grader,40.0,42.46,37.26,1.89,24.79,50.86,25.13,Sedang,262.75,Tidak Layak,35.0,0.3,10.5,Slow,87.81,2024-12-09,cancelled,maintenance,2024-12-02,False,5
MV Kalbar Express,Singkawang,922,2024-12-06,2024-12-15,111.05,Grader,40.0,13.85,13.88,2.91,32.85,43.08,9.38,Normal,262.75,Tidak Layak,35.0,0.5,17.38,Slow,53.05,2024-12-08,cancelled,maintenance,2024-12-02,True,5
MV Kalbar Express,Singkawang,922,2024-12-06,2024-12-15,36.15,Grader,40.0,29.42,6.43,0.28,32.08,77.92,15.09,Normal,262.75,Layak,35.0,0.57,19.91,Slow,46.31,2024-12-07,delayed,transit,2024-12-02,False,5
MV Kalbar Express,Singkawang,922,2024-12-06,2024-12-15,110.0,Bulldozer,110.0,42.46,37.26,1.89,24.79,50.86,25.13,Sedang,95.54,Layak,25.0,0.3,7.5,Slow,122.93,2024-12-11,delayed,transit,2024-12-02,False,5
MV Kalbar Express,Singkawang,922,2024-12-06,2024-12-15,34.37,Grader,40.0,43.42,3.52,0.86,26.07,47.03,16.22,Normal,262.75,Layak,35.0,0.47,16.44,Slow,56.08,2024-12-08,delayed,transit,2024-12-02,False,5
MV Mining Voyager,Ketapang,813,2024-12-13,2024-12-20,40.0,Grader,40.0,3.73,18.19,1.29,33.18,65.5,9.22,Normal,95.32,Layak,35.0,0.56,19.6,Slow,41.47,2024-12-14,delayed,transit,2024-12-09,False,6
MV Mining Voyager,Ketapang,813,2024-12-13,2024-12-20,120.0,Dump Truck,120.0,33.63,11.3,2.59,29.45,52.96,15.91,Normal,31.77,Layak,40.0,0.36,14.4,Slow,56.44,2024-12-15,delayed,transit,2024-12-09,True,6
MV Pelita Laut,Banjarmasin,608,2024-12-14,2024-12-22,562.14,Excavator,120.0,17.13,9.7,1.6,28.61,77.6,12.86,Normal,84.42,Tidak Layak,20.0,0.59,11.74,Slow,51.81,2024-12-16,cancelled,maintenance,2024-12-09,False,6
MV Pelita Laut,Banjarmasin,608,2024-12-14,2024-12-22,58.51,Water Truck,60.0,40.44,37.2,0.7,23.81,76.66,26.89,Sedang,168.83,Layak,45.0,0.3,13.5,Slow,45.04,2024-12-15,delayed,transit,2024-12-09,False,6
MV Pelita Laut,Banjarmasin,608,2024-12-14,2024-12-22,60.0,Water Truck,60.0,25.66,14.04,0.98,23.79,93.48,18.42,Normal,168.83,Layak,45.0,0.43,19.49,Slow,31.19,2024-12-15,delayed,transit,2024-12-09,False,6
MV Pelita Laut,Banjarmasin,608,2024-12-14,2024-12-22,60.0,Water Truck,60.0,17.13,9.7,1.6,28.61,77.6,12.86,Normal,168.83,Layak,45.0,0.59,26.4,Slow,23.03,2024-12-14,delayed,transit,2024-12-09,False,6
MV Cargo Star,Banjarmasin,608,2024-12-14,2024-12-22,120.0,Excavator,120.0,17.13,9.7,1.6,28.61,77.6,12.86,Normal,176.16,Layak,20.0,0.59,11.74,Slow,51.81,2024-12-16,delayed,transit,2024-12-09,False,6
TB Mitra Sejati,Balikpapan,117,2024-12-21,2024-12-30,90.0,Loader,90.0,27.44,27.37,0.83,22.37,56.72,18.72,Normal,112.86,Layak,30.0,0.3,9.0,Slow,13.0,2024-12-21,delayed,transit,2024-12-16,False,7
TB Mitra Sejati,Balikpapan,117,2024-12-21,2024-12-30,90.0,Loader,90.0,27.44,27.37,0.83,22.37,56.72,18.72,Normal,112.86,Layak,30.0,0.3,9.0,Slow,13.0,2024-12-21,delayed,transit,2024-12-16,False,7
MT Mahakam Spirit,Balikpapan,117,2024-12-21,2024-12-28,474.84,Bulldozer,110.0,6.22,7.66,0.74,22.05,61.14,7.87,Normal,44.48,Tidak Layak,25.0,0.76,19.06,Normal,6.14,2024-12-21,cancelled,maintenance,2024-12-16,False,7
TB Mitra Sejati,Balikpapan,117,2024-12-21,2024-12-30,337.73,Bulldozer,110.0,30.71,32.29,0.23,24.77,58.26,20.69,Sedang,92.34,Tidak Layak,25.0,0.3,7.5,Slow,15.6,2024-12-21,cancelled,maintenance,2024-12-16,False,7
MT Mahakam Spirit,Balikpapan,117,2024-12-21,2024-12-28,110.0,Bulldozer,110.0,30.71,32.29,0.23,24.77,58.26,20.69,Sedang,44.48,Layak,25.0,0.3,7.5,Slow,15.6,2024-12-21,delayed,transit,2024-12-16,False,7
TB Mitra Sejati,Balikpapan,117,2024-12-21,2024-12-30,200.13,Loader,90.0,10.05,1.3,2.82,26.82,42.56,5.62,Normal,112.86,Tidak Layak,30.0,0.79,23.66,Normal,4.94,2024-12-21,cancelled,maintenance,2024-12-16,True,7
TB Mitra Sejati,Balikpapan,117,2024-12-21,2024-12-30,74.41,Loader,90.0,36.22,29.46,2.28,28.06,40.52,20.05,Sedang,112.86,Layak,30.0,0.3,9.0,Slow,13.0,2024-12-21,delayed,transit,2024-12-16,False,7
MT Ocean Pride,Jakarta,1305,2024-12-29,2025-01-06,154.8,Grader,40.0,26.72,39.84,2.95,21.13,62.54,22.85,Sedang,86.12,Tidak Layak,35.0,0.3,10.5,Slow,124.29,2025-01-03,cancelled,maintenance,2024-12-23,True,8
MT Ocean Pride,Jakarta,1305,2024-12-29,2025-01-06,40.0,Grader,40.0,36.49,36.17,2.19,31.47,72.46,24.64,Sedang,86.12,Layak,35.0,0.3,10.5,Slow,124.29,2025-01-03,delayed,transit,2024-12-23,False,8
MT Ocean Pride,Jakarta,1305,2024-12-29,2025-01-06,110.0,Bulldozer,110.0,36.85,19.56,0.4,20.6,69.24,20.91,Sedang,31.32,Layak,25.0,0.3,7.5,Slow,174.0,2025-01-05,delayed,transit,2024-12-23,False,8
MT Ocean Pride,Jakarta,1305,2024-12-29,2025-01-06,40.0,Grader,40.0,34.61,26.66,1.54,23.85,51.82,20.23,Sedang,86.12,Layak,35.0,0.3,10.5,Slow,124.29,2025-01-03,delayed,transit,2024-12-23,False,8
MT Ocean Pride,Jakarta,1305,2024-12-29,2025-01-06,494.47,Dump Truck,120.0,40.6,2.73,0.22,20.61,82.27,19.08,Normal,28.71,Tidak Layak,40.0,0.53,21.31,Slow,61.23,2024-12-31,cancelled,maintenance,2024-12-23,False,8
MT Ocean Pride,Jakarta,1305,2024-12-29,2025-01-06,110.0,Bulldozer,110.0,36.49,36.17,2.19,31.47,72.46,24.64,Sedang,31.32,Layak,25.0,0.3,7.5,Slow,174.0,2025-01-05,delayed,transit,2024-12-23,False,8
MT Ocean Pride,Jakarta,1305,2024-12-29,2025-01-06,104.12,Bulldozer,110.0,34.61,26.66,1.54,23.85,51.82,20.23,Sedang,31.32,Layak,25.0,0.3,7.5,Slow,174.0,2025-01-05,delayed,transit,2024-12-23,False,8
MV Cargo Star,Balikpapan,117,2025-01-03,2025-01-08,110.0,Bulldozer,110.0,22.55,6.28,0.47,20.59,41.54,10.55,Normal,41.51,Layak,25.0,0.63,15.87,Slow,7.37,2025-01-03,delayed,transit,2024-12-30,False,9
MT Mahakam Spirit,Sukadana,813,2025-01-03,2025-01-12,120.0,Dump Truck,120.0,12.35,27.19,0.4,27.99,56.64,13.47,Normal,143.52,Layak,40.0,0.32,12.82,Slow,63.41,2025-01-05,delayed,transit,2024-12-30,False,9
MV Cargo Star,Balikpapan,117,2025-01-03,2025-01-08,375.83,Bulldozer,110.0,12.35,27.19,0.4,27.99,56.64,13.47,Normal,41.51,Tidak Layak,25.0,0.32,8.01,Slow,14.6,2025-01-03,cancelled,maintenance,2024-12-30,False,9
MT Mahakam Spirit,Sukadana,813,2025-01-03,2025-01-12,36.85,Grader,40.0,21.6,4.44,0.8,24.42,54.5,10.8,Normal,430.56,Layak,35.0,0.67,23.49,Slow,34.61,2025-01-04,delayed,transit,2024-12-30,False,9
MV Cargo Star,Balikpapan,117,2025-01-03,2025-01-08,110.0,Bulldozer,110.0,21.6,4.44,0.8,24.42,54.5,10.8,Normal,41.51,Layak,25.0,0.67,16.78,Slow,6.97,2025-01-03,delayed,transit,2024-12-30,False,9
MT Mahakam Spirit,Sukadana,813,2025-01-03,2025-01-12,40.0,Grader,40.0,22.55,6.28,0.47,20.59,41.54,10.55,Normal,430.56,Layak,35.0,0.63,22.22,Slow,36.6,2025-01-04,delayed,transit,2024-12-30,False,9
MT Mahakam Spirit,Sukadana,813,2025-01-03,2025-01-12,90.0,Loader,90.0,22.55,6.28,0.47,20.59,41.54,10.55,Normal,191.36,Layak,30.0,0.63,19.04,Slow,42.7,2025-01-04,delayed,transit,2024-12-30,False,9
TB Nusantara Towing,Pontianak,864,2025-01-09,2025-01-15,60.0,Water Truck,60.0,44.16,11.91,2.79,30.4,72.32,21.12,Sedang,78.12,Layak,45.0,0.3,13.5,Slow,64.0,2025-01-11,delayed,transit,2025-01-06,True,10
KM Bornea Harmony,Banjarmasin,608,2025-01-09,2025-01-17,52.87,Water Truck,60.0,37.4,29.81,0.1,24.96,63.31,22.53,Sedang,185.42,Layak,45.0,0.3,13.5,Slow,45.04,2025-01-10,delayed,transit,2025-01-06,False,10
KM Bornea Harmony,Banjarmasin,608,2025-01-09,2025-01-17,120.0,Excavator,120.0,37.4,29.81,0.1,24.96,63.31,22.53,Sedang,92.71,Layak,20.0,0.3,6.0,Slow,101.33,2025-01-13,delayed,available,2025-01-06,False,10
TB Nusantara Towing,Pontianak,864,2025-01-09,2025-01-15,60.0,Water Truck,60.0,37.4,29.81,0.1,24.96,63.31,22.53,Sedang,78.12,Layak,45.0,0.3,13.5,Slow,64.0,2025-01-11,delayed,transit,2025-01-06,False,10
TB Nusantara Towing,Pontianak,864,2025-01-09,2025-01-15,113.35,Excavator,120.0,44.16,11.91,2.79,30.4,72.32,21.12,Sedang,39.06,Layak,20.0,0.3,6.0,Slow,144.0,2025-01-15,delayed,available,2025-01-06,True,10
KM Nusantara 01,Jakarta,1305,2025-01-08,2025-01-17,90.0,Loader,90.0,48.43,16.35,0.7,26.2,63.3,22.5,Sedang,85.23,Layak,30.0,0.3,9.0,Slow,145.0,2025-01-14,delayed,transit,2025-01-06,False,10
KM Bornea Harmony,Banjarmasin,608,2025-01-09,2025-01-17,113.58,Excavator,120.0,44.16,11.91,2.79,30.4,72.32,21.12,Sedang,92.71,Layak,20.0,0.3,6.0,Slow,101.33,2025-01-13,delayed,available,2025-01-06,True,10
MV Barito Queen,Ketapang,813,2025-01-16,2025-01-22,120.0,Dump Truck,120.0,30.31,1.65,2.32,31.77,48.21,11.73,Normal,156.13,Layak,40.0,0.59,23.77,Slow,34.21,2025-01-17,delayed,transit,2025-01-13,False,11
MV Barito Queen,Ketapang,813,2025-01-16,2025-01-22,120.0,Dump Truck,120.0,44.4,5.6,1.59,27.89,67.69,19.1,Normal,156.13,Layak,40.0,0.4,15.85,Slow,51.29,2025-01-18,delayed,transit,2025-01-13,False,11
MV Barito Queen,Ketapang,813,2025-01-16,2025-01-22,101.22,Dump Truck,120.0,23.11,28.4,2.08,22.75,78.65,20.14,Sedang,156.13,Layak,40.0,0.3,12.0,Slow,67.75,2025-01-18,delayed,transit,2025-01-13,False,11
MV Barito Queen,Banjarmasin,608,2025-01-16,2025-01-21,77.38,Loader,90.0,1.95,16.75,1.84,21.62,40.96,7.17,Normal,25.98,Layak,30.0,0.59,17.71,Slow,34.33,2025-01-17,delayed,transit,2025-01-13,False,11
MV Barito Queen,Banjarmasin,608,2025-01-16,2025-01-21,120.0,Dump Truck,120.0,28.27,37.28,1.49,31.51,48.75,19.9,Normal,19.48,Layak,40.0,0.3,12.0,Slow,50.67,2025-01-18,delayed,transit,2025-01-13,False,11
MV Barito Queen,Banjarmasin,608,2025-01-16,2025-01-21,116.69,Dump Truck,120.0,1.95,16.75,1.84,21.62,40.96,7.17,Normal,19.48,Layak,40.0,0.59,23.61,Slow,25.75,2025-01-17,delayed,transit,2025-01-13,False,11
MV Barito Queen,Banjarmasin,608,2025-01-16,2025-01-21,120.0,Dump Truck,120.0,42.77,20.52,0.53,34.59,50.04,19.64,Normal,19.48,Layak,40.0,0.3,12.0,Slow,50.67,2025-01-18,delayed,transit,2025-01-13,False,11
MV Pelita Laut,Singkawang,922,2025-01-25,2025-01-30,120.0,Excavator,120.0,34.77,30.41,1.5,26.15,52.97,21.09,Sedang,83.31,Layak,20.0,0.3,6.0,Slow,153.67,2025-01-31,delayed,available,2025-01-20,False,12
MV Pelita Laut,Singkawang,922,2025-01-25,2025-01-30,562.59,Excavator,120.0,16.21,33.62,2.37,33.43,44.74,14.99,Normal,83.31,Tidak Layak,20.0,0.3,6.0,Slow,153.67,2025-01-31,cancelled,maintenance,2025-01-20,False,12
MV Pelita Laut,Singkawang,922,2025-01-25,2025-01-30,434.16,Excavator,120.0,4.39,10.64,1.43,32.34,88.08,9.91,Normal,83.31,Tidak Layak,20.0,0.7,14.01,Normal,65.81,2025-01-27,cancelled,maintenance,2025-01-20,False,12
TB Mitra Sejati,Balikpapan,117,2025-01-25,2025-02-03,398.19,Loader,90.0,39.91,32.3,0.12,24.9,88.69,26.46,Sedang,195.26,Tidak Layak,30.0,0.3,9.0,Slow,13.0,2025-01-25,cancelled,maintenance,2025-01-20,False,12
MV Pelita Laut,Singkawang,922,2025-01-25,2025-01-30,86.9,Loader,90.0,25.66,8.82,2.48,30.32,93.73,16.86,Normal,111.08,Layak,30.0,0.49,14.78,Slow,62.39,2025-01-27,delayed,transit,2025-01-20,False,12
MV Pelita Laut,Singkawang,922,2025-01-25,2025-01-30,90.0,Loader,90.0,34.77,30.41,1.5,26.15,52.97,21.09,Sedang,111.08,Layak,30.0,0.3,9.0,Slow,102.44,2025-01-29,delayed,transit,2025-01-20,False,12
MV Pelita Laut,Singkawang,922,2025-01-25,2025-01-30,307.17,Excavator,120.0,39.91,32.3,0.12,24.9,88.69,26.46,Sedang,83.31,Tidak Layak,20.0,0.3,6.0,Slow,153.67,2025-01-31,cancelled,maintenance,2025-01-20,False,12
MT Ocean Hauler,Makassar,573,2025-02-01,2025-02-06,105.52,Excavator,120.0,47.47,32.84,1.58,24.91,71.54,27.51,Sedang,90.24,Layak,20.0,0.3,6.0,Slow,95.5,2025-02-04,delayed,available,2025-01-27,False,13
MV Andalas Jaya,Sukadana,813,2025-01-31,2025-02-08,60.0,Water Truck,60.0,29.4,34.55,1.33,23.53,81.43,23.58,Sedang,267.88,Layak,45.0,0.3,13.5,Slow,60.22,2025-02-02,delayed,transit,2025-01-27,False,13
MT Ocean Hauler,Makassar,573,2025-02-01,2025-02-06,60.0,Water Truck,60.0,20.55,15.95,0.26,22.56,40.37,12.0,Normal,180.47,Layak,45.0,0.47,21.04,Slow,27.23,2025-02-02,delayed,transit,2025-01-27,False,13
MT Ocean Hauler,Makassar,573,2025-02-01,2025-02-06,120.0,Excavator,120.0,36.9,27.95,2.72,22.91,63.18,22.76,Sedang,90.24,Layak,20.0,0.3,6.0,Slow,95.5,2025-02-04,delayed,available,2025-01-27,True,13
MT Ocean Hauler,Makassar,573,2025-02-01,2025-02-06,549.86,Excavator,120.0,20.55,15.95,0.26,22.56,40.37,12.0,Normal,90.24,Tidak Layak,20.0,0.47,9.35,Slow,61.27,2025-02-03,cancelled,maintenance,2025-01-27,False,13
MT Ocean Hauler,Makassar,573,2025-02-01,2025-02-06,60.0,Water Truck,60.0,36.9,27.95,2.72,22.91,63.18,22.76,Sedang,180.47,Layak,45.0,0.3,13.5,Slow,42.44,2025-02-02,delayed,transit,2025-01-27,True,13
MT Ocean Hauler,Makassar,573,2025-02-01,2025-02-06,60.0,Water Truck,60.0,47.47,32.84,1.58,24.91,71.54,27.51,Sedang,180.47,Layak,45.0,0.3,13.5,Slow,42.44,2025-02-02,delayed,transit,2025-01-27,False,13
TB Nusantara Towing,Jakarta,1305,2025-02-07,2025-02-12,178.18,Water Truck,60.0,45.04,36.77,2.79,22.09,41.91,25.39,Sedang,301.57,Tidak Layak,45.0,0.3,13.5,Slow,96.67,2025-02-11,cancelled,maintenance,2025-02-03,True,14
TB Nusantara Towing,Jakarta,1305,2025-02-07,2025-02-12,56.01,Water Truck,60.0,8.61,4.26,2.87,21.45,92.6,11.48,Normal,301.57,Layak,45.0,0.74,33.42,Normal,39.05,2025-02-08,delayed,transit,2025-02-03,True,14
KM Kapuas Indah,Banjarmasin,608,2025-02-07,2025-02-14,60.0,Water Truck,60.0,8.61,4.26,2.87,21.45,92.6,11.48,Normal,348.29,Layak,45.0,0.74,33.42,Normal,18.19,2025-02-07,delayed,transit,2025-02-03,True,14
MV Barito Queen,Balikpapan,117,2025-02-06,2025-02-14,120.0,Excavator,120.0,43.98,15.36,1.85,33.99,60.55,20.15,Sedang,43.69,Layak,20.0,0.3,6.0,Slow,19.5,2025-02-06,delayed,available,2025-02-03,False,14
MV Barito Queen,Balikpapan,117,2025-02-06,2025-02-14,586.48,Excavator,120.0,28.78,18.67,0.99,33.16,70.65,17.3,Normal,43.69,Tidak Layak,20.0,0.31,6.18,Slow,18.92,2025-02-06,cancelled,maintenance,2025-02-03,False,14
TB Nusantara Towing,Jakarta,1305,2025-02-07,2025-02-12,40.0,Grader,40.0,45.04,36.77,2.79,22.09,41.91,25.39,Sedang,452.36,Layak,35.0,0.3,10.5,Slow,124.29,2025-02-12,delayed,transit,2025-02-03,True,14
MV Barito Queen,Balikpapan,117,2025-02-06,2025-02-14,110.0,Bulldozer,110.0,43.98,15.36,1.85,33.99,60.55,20.15,Sedang,47.66,Layak,25.0,0.3,7.5,Slow,15.6,2025-02-06,delayed,transit,2025-02-03,False,14
MV Coal Pioneer,Surabaya,905,2025-02-14,2025-02-23,90.0,Loader,90.0,11.88,36.52,1.02,32.2,49.86,14.72,Normal,193.05,Layak,30.0,0.3,9.0,Slow,100.56,2025-02-18,delayed,transit,2025-02-10,False,15
MV Coal Pioneer,Surabaya,905,2025-02-14,2025-02-23,107.46,Dump Truck,120.0,9.28,3.88,0.52,23.53,72.38,8.77,Normal,144.78,Layak,40.0,0.81,32.56,Normal,27.79,2025-02-15,on_schedule,transit,2025-02-10,False,15
MV Coal Pioneer,Surabaya,905,2025-02-14,2025-02-23,120.0,Dump Truck,120.0,34.62,3.95,2.44,23.18,40.15,13.68,Normal,144.78,Layak,40.0,0.5,20.07,Slow,45.1,2025-02-15,delayed,transit,2025-02-10,False,15
MV Coal Pioneer,Surabaya,905,2025-02-14,2025-02-23,90.0,Loader,90.0,24.81,2.57,2.34,26.96,88.77,14.85,Normal,193.05,Layak,30.0,0.63,18.91,Slow,47.86,2025-02-15,delayed,transit,2025-02-10,False,15
MV Cargo Star,Balikpapan,117,2025-02-14,2025-02-21,120.0,Excavator,120.0,34.62,3.95,2.44,23.18,40.15,13.68,Normal,8.25,Layak,20.0,0.5,10.03,Slow,11.66,2025-02-14,delayed,transit,2025-02-10,False,15
MV Coal Pioneer,Surabaya,905,2025-02-14,2025-02-23,40.0,Grader,40.0,24.81,2.57,2.34,26.96,88.77,14.85,Normal,434.35,Layak,35.0,0.63,22.06,Slow,41.02,2025-02-15,delayed,transit,2025-02-10,False,15
MV Coal Pioneer,Surabaya,905,2025-02-14,2025-02-23,120.0,Dump Truck,120.0,11.88,36.52,1.02,32.2,49.86,14.72,Normal,144.78,Layak,40.0,0.3,12.0,Slow,75.42,2025-02-17,delayed,transit,2025-02-10,False,15
MV Coal Pioneer,Sukadana,813,2025-02-21,2025-02-26,52.19,Water Truck,60.0,40.13,15.58,1.32,32.22,84.87,21.53,Sedang,135.21,Layak,45.0,0.3,13.5,Slow,60.22,2025-02-23,delayed,transit,2025-02-17,False,16
MV Coal Pioneer,Sukadana,813,2025-02-21,2025-02-26,60.0,Water Truck,60.0,39.36,37.19,0.84,34.95,83.5,26.17,Sedang,135.21,Layak,45.0,0.3,13.5,Slow,60.22,2025-02-23,delayed,transit,2025-02-17,False,16
KM Bornea Harmony,Singkawang,922,2025-02-21,2025-02-27,56.68,Water Truck,60.0,7.51,6.1,2.25,27.6,51.58,6.74,Normal,154.03,Layak,45.0,0.74,33.1,Normal,27.86,2025-02-22,on_schedule,transit,2025-02-17,False,16
MV Coal Pioneer,Sukadana,813,2025-02-21,2025-02-26,163.57,Water Truck,60.0,7.51,6.1,2.25,27.6,51.58,6.74,Normal,135.21,Tidak Layak,45.0,0.74,33.1,Normal,24.56,2025-02-22,cancelled,maintenance,2025-02-17,False,16
MV Coal Pioneer,Sukadana,813,2025-02-21,2025-02-26,60.0,Water Truck,60.0,23.69,33.43,1.06,34.14,86.71,20.98,Sedang,135.21,Layak,45.0,0.3,13.5,Slow,60.22,2025-02-23,delayed,transit,2025-02-17,False,16
MV Coal Pioneer,Sukadana,813,2025-02-21,2025-02-26,60.0,Water Truck,60.0,40.13,15.58,1.32,32.22,84.87,21.53,Sedang,135.21,Layak,45.0,0.3,13.5,Slow,60.22,2025-02-23,delayed,transit,2025-02-17,False,16
MV Coal Pioneer,Sukadana,813,2025-02-21,2025-02-26,163.12,Water Truck,60.0,39.36,37.19,0.84,34.95,83.5,26.17,Sedang,135.21,Tidak Layak,45.0,0.3,13.5,Slow,60.22,2025-02-23,cancelled,maintenance,2025-02-17,False,16
KM Laut Sejahtera,Jakarta,1305,2025-02-28,2025-03-07,37.15,Grader,40.0,20.92,12.76,2.32,31.98,52.68,12.11,Normal,309.97,Layak,35.0,0.47,16.32,Slow,79.98,2025-03-03,delayed,transit,2025-02-24,False,17
MT Ocean Hauler,Jakarta,1305,2025-02-28,2025-03-07,40.0,Grader,40.0,20.92,12.76,2.32,31.98,52.68,12.11,Normal,184.48,Layak,35.0,0.47,16.32,Slow,79.98,2025-03-03,delayed,transit,2025-02-24,False,17
KM Laut Sejahtera,Batam,1461,2025-02-28,2025-03-06,40.0,Grader,40.0,13.97,30.55,2.09,20.82,79.18,18.19,Normal,293.88,Layak,35.0,0.3,10.5,Slow,139.14,2025-03-05,delayed,transit,2025-02-24,False,17
KM Laut Sejahtera,Batam,1461,2025-02-28,2025-03-06,40.0,Grader,40.0,48.36,29.79,2.21,22.15,60.2,26.32,Sedang,293.88,Layak,35.0,0.3,10.5,Slow,139.14,2025-03-05,delayed,transit,2025-02-24,False,17
KM Laut Sejahtera,Batam,1461,2025-02-28,2025-03-06,177.74,Water Truck,60.0,20.92,12.76,2.32,31.98,52.68,12.11,Normal,195.92,Tidak Layak,45.0,0.47,20.98,Slow,69.64,2025-03-02,cancelled,maintenance,2025-02-24,False,17
KM Laut Sejahtera,Batam,1461,2025-02-28,2025-03-06,32.69,Grader,40.0,8.57,2.58,0.95,34.01,73.13,7.37,Normal,293.88,Layak,35.0,0.83,29.19,Normal,50.05,2025-03-02,on_schedule,transit,2025-02-24,False,17
KM Laut Sejahtera,Batam,1461,2025-02-28,2025-03-06,36.81,Grader,40.0,13.97,30.55,2.09,20.82,79.18,18.19,Normal,293.88,Layak,35.0,0.3,10.5,Slow,139.14,2025-03-05,delayed,transit,2025-02-24,False,17
MV Borneo Pearl,Batam,1461,2025-03-08,2025-03-17,75.87,Loader,90.0,2.33,5.71,0.58,24.87,63.67,6.15,Normal,98.35,Layak,30.0,0.84,25.35,Normal,57.63,2025-03-10,on_schedule,transit,2025-03-03,False,18
MV Borneo Pearl,Batam,1461,2025-03-08,2025-03-17,78.61,Loader,90.0,2.24,30.45,1.53,28.8,72.73,13.06,Normal,98.35,Layak,30.0,0.32,9.68,Slow,150.9,2025-03-14,delayed,transit,2025-03-03,False,18
MV Borneo Pearl,Batam,1461,2025-03-08,2025-03-17,74.98,Loader,90.0,22.56,13.77,1.82,33.95,87.22,15.99,Normal,98.35,Layak,30.0,0.44,13.33,Slow,109.56,2025-03-12,delayed,transit,2025-03-03,False,18
MV Pelita Laut,Jakarta,1305,2025-03-08,2025-03-16,217.13,Loader,90.0,2.33,5.71,0.58,24.87,63.67,6.15,Normal,34.51,Tidak Layak,30.0,0.84,25.35,Normal,51.48,2025-03-10,cancelled,maintenance,2025-03-03,False,18
MV Borneo Pearl,Batam,1461,2025-03-08,2025-03-17,90.0,Loader,90.0,12.26,14.08,1.69,25.75,42.1,9.26,Normal,98.35,Layak,30.0,0.54,16.35,Slow,89.37,2025-03-11,delayed,transit,2025-03-03,False,18
MV Borneo Pearl,Batam,1461,2025-03-08,2025-03-17,416.88,Loader,90.0,2.24,30.45,1.53,28.8,72.73,13.06,Normal,98.35,Tidak Layak,30.0,0.32,9.68,Slow,150.9,2025-03-14,cancelled,maintenance,2025-03-03,False,18
MV Borneo Pearl,Batam,1461,2025-03-08,2025-03-17,90.0,Loader,90.0,17.78,0.78,0.62,28.04,78.02,10.68,Normal,98.35,Layak,30.0,0.79,23.64,Normal,61.81,2025-03-10,on_schedule,transit,2025-03-03,False,18
KM Samudera Raya,Banjarmasin,608,2025-03-15,2025-03-21,90.0,Loader,90.0,11.81,12.07,0.21,21.0,55.07,10.02,Normal,33.23,Layak,30.0,0.63,19.02,Slow,31.96,2025-03-16,delayed,transit,2025-03-10,False,19
KM Samudera Raya,Banjarmasin,608,2025-03-15,2025-03-21,38.21,Grader,40.0,48.17,17.28,2.95,34.29,87.74,24.85,Sedang,74.76,Layak,35.0,0.3,10.5,Slow,57.9,2025-03-17,delayed,transit,2025-03-10,True,19
KM Samudera Raya,Banjarmasin,608,2025-03-15,2025-03-21,81.06,Loader,90.0,11.88,28.53,0.95,33.74,89.79,16.54,Normal,33.23,Layak,30.0,0.3,9.0,Slow,67.56,2025-03-17,delayed,transit,2025-03-10,False,19
KM Samudera Raya,Banjarmasin,608,2025-03-15,2025-03-21,90.0,Loader,90.0,48.17,17.28,2.95,34.29,87.74,24.85,Sedang,33.23,Layak,30.0,0.3,9.0,Slow,67.56,2025-03-17,delayed,transit,2025-03-10,True,19
KM Samudera Raya,Banjarmasin,608,2025-03-15,2025-03-21,90.0,Loader,90.0,22.62,39.14,0.65,23.27,91.24,23.53,Sedang,33.23,Layak,30.0,0.3,9.0,Slow,67.56,2025-03-17,delayed,transit,2025-03-10,False,19
KM Samudera Raya,Banjarmasin,608,2025-03-15,2025-03-21,423.11,Loader,90.0,48.05,21.13,2.91,31.85,71.58,24.4,Sedang,33.23,Tidak Layak,30.0,0.3,9.0,Slow,67.56,2025-03-17,cancelled,maintenance,2025-03-10,True,19
KM Samudera Raya,Banjarmasin,608,2025-03-15,2025-03-21,77.8,Loader,90.0,11.81,12.07,0.21,21.0,55.07,10.02,Normal,33.23,Layak,30.0,0.63,19.02,Slow,31.96,2025-03-16,delayed,transit,2025-03-10,False,19
TB Nusantara Towing,Makassar,573,2025-03-22,2025-03-28,390.57,Loader,90.0,16.57,31.37,2.07,33.23,80.17,18.03,Normal,109.14,Tidak Layak,30.0,0.3,9.0,Slow,63.67,2025-03-24,cancelled,maintenance,2025-03-17,False,20
MV Barito Queen,Pontianak,864,2025-03-22,2025-03-31,90.0,Loader,90.0,2.79,28.96,0.28,33.94,72.25,11.98,Normal,221.42,Layak,30.0,0.38,11.53,Slow,74.91,2025-03-25,delayed,transit,2025-03-17,False,20
TB Nusantara Towing,Makassar,573,2025-03-22,2025-03-28,116.45,Dump Truck,120.0,0.47,8.82,0.81,30.01,61.29,5.68,Normal,81.85,Layak,40.0,0.79,31.78,Normal,18.03,2025-03-22,on_schedule,transit,2025-03-17,False,20
TB Nusantara Towing,Makassar,573,2025-03-22,2025-03-28,73.44,Loader,90.0,11.27,35.0,2.59,28.73,43.58,14.27,Normal,109.14,Layak,30.0,0.3,9.0,Slow,63.67,2025-03-24,delayed,transit,2025-03-17,True,20
TB Nusantara Towing,Makassar,573,2025-03-22,2025-03-28,458.31,Dump Truck,120.0,2.79,28.96,0.28,33.94,72.25,11.98,Normal,81.85,Tidak Layak,40.0,0.38,15.38,Slow,37.26,2025-03-23,cancelled,maintenance,2025-03-17,False,20
TB Nusantara Towing,Makassar,573,2025-03-22,2025-03-28,90.0,Loader,90.0,0.47,8.82,0.81,30.01,61.29,5.68,Normal,109.14,Layak,30.0,0.79,23.84,Normal,24.04,2025-03-23,on_schedule,transit,2025-03-17,False,20
TB Nusantara Towing,Makassar,573,2025-03-22,2025-03-28,90.0,Loader,90.0,2.79,28.96,0.28,33.94,72.25,11.98,Normal,109.14,Layak,30.0,0.38,11.53,Slow,49.68,2025-03-24,delayed,transit,2025-03-17,False,20
MV Barito Queen,Makassar,573,2025-03-28,2025-04-03,33.8,Grader,40.0,46.44,38.61,1.12,24.1,83.57,29.81,Sedang,113.03,Layak,35.0,0.3,10.5,Slow,54.57,2025-03-30,delayed,transit,2025-03-24,False,21
MT Ocean Pride,Banjarmasin,608,2025-03-28,2025-04-05,37.26,Grader,40.0,24.13,14.48,0.82,26.2,79.86,16.43,Normal,267.66,Layak,35.0,0.44,15.56,Slow,39.07,2025-03-29,delayed,transit,2025-03-24,False,21
MT Ocean Pride,Banjarmasin,608,2025-03-28,2025-04-05,96.12,Excavator,120.0,24.13,14.48,0.82,26.2,79.86,16.43,Normal,89.22,Layak,20.0,0.44,8.89,Slow,68.38,2025-03-30,delayed,transit,2025-03-24,False,21
MV Cargo Star,Singkawang,922,2025-03-29,2025-04-07,110.0,Bulldozer,110.0,4.57,7.29,0.2,33.69,89.1,8.78,Normal,84.4,Layak,25.0,0.8,20.06,Normal,45.96,2025-03-30,on_schedule,transit,2025-03-24,False,21
MT Ocean Pride,Banjarmasin,608,2025-03-28,2025-04-05,33.7,Grader,40.0,46.44,38.61,1.12,24.1,83.57,29.81,Sedang,267.66,Layak,35.0,0.3,10.5,Slow,57.9,2025-03-30,delayed,transit,2025-03-24,False,21
MT Ocean Hauler,Surabaya,905,2025-03-27,2025-04-02,110.0,Bulldozer,110.0,34.23,11.65,1.11,29.31,62.38,16.76,Normal,26.55,Layak,25.0,0.39,9.79,Slow,92.48,2025-03-30,delayed,transit,2025-03-24,False,21
MV Barito Queen,Makassar,573,2025-03-28,2025-04-03,40.0,Grader,40.0,24.13,14.48,0.82,26.2,79.86,16.43,Normal,113.03,Layak,35.0,0.44,15.56,Slow,36.82,2025-03-29,delayed,transit,2025-03-24,False,21
MV Titan Logistics,Batam,1461,2025-04-04,2025-04-09,83.11,Loader,90.0,29.67,14.87,1.41,29.6,76.6,17.67,Normal,237.16,Layak,30.0,0.36,10.91,Slow,133.94,2025-04-09,delayed,transit,2025-03-31,False,22
MV Titan Logistics,Pontianak,864,2025-04-04,2025-04-10,357.56,Loader,90.0,29.67,14.87,1.41,29.6,76.6,17.67,Normal,208.64,Tidak Layak,30.0,0.36,10.91,Slow,79.21,2025-04-07,cancelled,maintenance,2025-03-31,False,22
MV Pacific Runner,Ketapang,813,2025-04-04,2025-04-12,73.6,Loader,90.0,40.55,15.7,1.49,20.8,67.63,21.15,Sedang,46.27,Layak,30.0,0.3,9.0,Slow,90.33,2025-04-07,delayed,transit,2025-03-31,False,22
MV Titan Logistics,Pontianak,864,2025-04-04,2025-04-10,110.0,Bulldozer,110.0,39.23,1.34,2.42,31.93,60.71,15.59,Normal,170.71,Layak,25.0,0.51,12.71,Slow,67.97,2025-04-06,delayed,transit,2025-03-31,False,22
MV Titan Logistics,Pontianak,864,2025-04-04,2025-04-10,90.0,Loader,90.0,40.55,15.7,1.49,20.8,67.63,21.15,Sedang,208.64,Layak,30.0,0.3,9.0,Slow,96.0,2025-04-08,delayed,transit,2025-03-31,False,22
MV Titan Logistics,Pontianak,864,2025-04-04,2025-04-10,110.0,Bulldozer,110.0,40.55,15.7,1.49,20.8,67.63,21.15,Sedang,170.71,Layak,25.0,0.3,7.5,Slow,115.2,2025-04-08,delayed,transit,2025-03-31,False,22
MV Titan Logistics,Pontianak,864,2025-04-04,2025-04-10,286.14,Loader,90.0,39.23,1.34,2.42,31.93,60.71,15.59,Normal,208.64,Tidak Layak,30.0,0.51,15.25,Slow,56.64,2025-04-06,cancelled,maintenance,2025-03-31,False,22
MT Mahakam Spirit,Ketapang,813,2025-04-11,2025-04-20,53.61,Water Truck,60.0,37.65,22.41,1.49,24.42,76.98,22.53,Sedang,65.74,Layak,45.0,0.3,13.5,Slow,60.22,2025-04-13,delayed,transit,2025-04-07,False,23
KM Kapuas Indah,Makassar,573,2025-04-11,2025-04-17,350.41,Loader,90.0,3.65,9.65,1.1,27.66,43.34,5.35,Normal,104.67,Tidak Layak,30.0,0.74,22.13,Normal,25.9,2025-04-12,cancelled,maintenance,2025-04-07,False,23
MT Mahakam Spirit,Ketapang,813,2025-04-11,2025-04-20,53.73,Water Truck,60.0,40.95,28.16,0.04,29.55,91.61,25.54,Sedang,65.74,Layak,45.0,0.3,13.5,Slow,60.22,2025-04-13,delayed,transit,2025-04-07,False,23
MT Mahakam Spirit,Ketapang,813,2025-04-11,2025-04-20,60.0,Water Truck,60.0,48.04,39.96,0.6,29.47,46.03,26.21,Sedang,65.74,Layak,45.0,0.3,13.5,Slow,60.22,2025-04-13,delayed,transit,2025-04-07,False,23
MT Mahakam Spirit,Ketapang,813,2025-04-11,2025-04-20,90.0,Loader,90.0,40.95,28.16,0.04,29.55,91.61,25.54,Sedang,43.83,Layak,30.0,0.3,9.0,Slow,90.33,2025-04-14,delayed,transit,2025-04-07,False,23
KM Kapuas Indah,Makassar,573,2025-04-11,2025-04-17,75.03,Loader,90.0,20.88,27.37,0.27,26.55,88.51,19.37,Normal,104.67,Layak,30.0,0.3,9.0,Slow,63.67,2025-04-13,delayed,transit,2025-04-07,False,23
MT Mahakam Spirit,Ketapang,813,2025-04-11,2025-04-20,76.8,Loader,90.0,20.88,27.37,0.27,26.55,88.51,19.37,Normal,43.83,Layak,30.0,0.3,9.0,Slow,90.33,2025-04-14,delayed,transit,2025-04-07,False,23
KM Laut Sejahtera,Surabaya,905,2025-04-19,2025-04-28,259.5,Loader,90.0,32.1,7.1,0.16,20.57,82.98,17.69,Normal,74.6,Tidak Layak,30.0,0.53,15.96,Slow,56.69,2025-04-21,cancelled,maintenance,2025-04-14,False,24
MV Mining Voyager,Batam,1461,2025-04-19,2025-04-27,120.0,Dump Truck,120.0,40.7,20.72,2.75,33.7,41.79,18.89,Normal,119.77,Layak,40.0,0.3,12.0,Slow,121.75,2025-04-24,delayed,transit,2025-04-14,True,24
MV Mining Voyager,Batam,1461,2025-04-19,2025-04-27,197.07,Water Truck,60.0,44.26,38.71,0.19,23.4,47.13,25.38,Sedang,239.54,Tidak Layak,45.0,0.3,13.5,Slow,108.22,2025-04-23,cancelled,maintenance,2025-04-14,False,24
MV Mining Voyager,Batam,1461,2025-04-19,2025-04-27,293.45,Water Truck,60.0,22.18,27.96,0.99,26.73,93.22,20.54,Sedang,239.54,Tidak Layak,45.0,0.3,13.5,Slow,108.22,2025-04-23,cancelled,maintenance,2025-04-14,False,24
MV Mining Voyager,Batam,1461,2025-04-19,2025-04-27,373.26,Dump Truck,120.0,22.18,27.96,0.99,26.73,93.22,20.54,Sedang,119.77,Tidak Layak,40.0,0.3,12.0,Slow,121.75,2025-04-24,cancelled,maintenance,2025-04-14,False,24
MV Mining Voyager,Batam,1461,2025-04-19,2025-04-27,291.71,Water Truck,60.0,25.87,1.96,2.8,27.68,65.39,12.72,Normal,239.54,Tidak Layak,45.0,0.62,27.81,Slow,52.54,2025-04-21,cancelled,maintenance,2025-04-14,True,24
KM Samudera Raya,Pontianak,864,2025-04-20,2025-04-28,40.0,Grader,40.0,26.92,20.16,0.07,30.24,41.61,14.27,Normal,134.57,Layak,35.0,0.33,11.39,Slow,75.83,2025-04-23,delayed,transit,2025-04-14,False,24
MV Pacific Runner,Batam,1461,2025-04-23,2025-04-30,117.34,Excavator,120.0,13.2,26.97,0.46,21.26,69.5,15.64,Normal,41.46,Layak,20.0,0.31,6.3,Slow,231.99,2025-05-02,delayed,transit,2025-04-21,False,25
TB Mitra Sejati,Surabaya,905,2025-04-23,2025-04-30,354.09,Excavator,120.0,38.35,17.62,1.07,32.75,78.33,20.73,Sedang,144.19,Tidak Layak,20.0,0.3,6.0,Slow,150.83,2025-04-29,cancelled,maintenance,2025-04-21,False,25
TB Mitra Sejati,Surabaya,905,2025-04-23,2025-04-30,120.0,Excavator,120.0,43.93,25.77,2.57,20.22,92.72,27.51,Sedang,144.19,Layak,20.0,0.3,6.0,Slow,150.83,2025-04-29,delayed,available,2025-04-21,True,25
MV Andalas Jaya,Surabaya,905,2025-04-23,2025-04-29,118.57,Excavator,120.0,5.0,9.16,2.93,32.25,85.86,9.88,Normal,22.63,Layak,20.0,0.68,13.58,Slow,66.66,2025-04-25,delayed,transit,2025-04-21,True,25
MV Pacific Runner,Batam,1461,2025-04-23,2025-04-30,120.0,Excavator,120.0,0.03,7.16,2.4,25.2,53.73,5.25,Normal,41.46,Layak,20.0,0.78,15.69,Normal,93.12,2025-04-26,on_schedule,transit,2025-04-21,False,25
MV Andalas Jaya,Surabaya,905,2025-04-23,2025-04-29,40.0,Grader,40.0,43.93,25.77,2.57,20.22,92.72,27.51,Sedang,67.88,Layak,35.0,0.3,10.5,Slow,86.19,2025-04-26,delayed,transit,2025-04-21,True,25
MV Pacific Runner,Batam,1461,2025-04-23,2025-04-30,109.0,Excavator,120.0,6.71,2.94,1.35,30.87,46.65,4.66,Normal,41.46,Layak,20.0,0.83,16.67,Normal,87.64,2025-04-26,on_schedule,transit,2025-04-21,False,25
MV Kalbar Express,Sukadana,813,2025-05-04,2025-05-09,426.57,Loader,90.0,12.31,33.34,2.65,34.88,71.26,16.33,Normal,189.88,Tidak Layak,30.0,0.3,9.0,Slow,90.33,2025-05-07,cancelled,maintenance,2025-04-28,True,26
MV Pelita Laut,Sukadana,813,2025-05-04,2025-05-09,116.0,Dump Truck,120.0,12.31,33.34,2.65,34.88,71.26,16.33,Normal,50.1,Layak,40.0,0.3,12.0,Slow,67.75,2025-05-06,delayed,transit,2025-04-28,True,26
MV Pelita Laut,Sukadana,813,2025-05-04,2025-05-09,111.89,Dump Truck,120.0,14.56,21.16,0.53,29.32,87.68,15.63,Normal,50.1,Layak,40.0,0.42,16.61,Slow,48.96,2025-05-06,delayed,transit,2025-04-28,False,26
MV Pelita Laut,Sukadana,813,2025-05-04,2025-05-09,104.2,Dump Truck,120.0,49.84,28.94,2.11,31.41,58.4,25.42,Sedang,50.1,Layak,40.0,0.3,12.0,Slow,67.75,2025-05-06,delayed,transit,2025-04-28,False,26
MV Pelita Laut,Sukadana,813,2025-05-04,2025-05-09,90.0,Loader,90.0,2.69,1.37,2.29,23.38,40.74,3.46,Normal,66.8,Layak,30.0,0.88,26.31,Normal,30.9,2025-05-05,on_schedule,transit,2025-04-28,False,26
MV Pelita Laut,Sukadana,813,2025-05-04,2025-05-09,398.73,Loader,90.0,14.56,21.16,0.53,29.32,87.68,15.63,Normal,66.8,Tidak Layak,30.0,0.42,12.45,Slow,65.28,2025-05-06,cancelled,maintenance,2025-04-28,False,26
MV Pelita Laut,Sukadana,813,2025-05-04,2025-05-09,80.58,Loader,90.0,49.84,28.94,2.11,31.41,58.4,25.42,Sedang,66.8,Layak,30.0,0.3,9.0,Slow,90.33,2025-05-07,delayed,transit,2025-04-28,False,26
MV Coal Pioneer,Ketapang,813,2025-05-11,2025-05-20,38.05,Grader,40.0,43.68,17.14,0.28,29.86,55.85,20.06,Sedang,269.75,Layak,35.0,0.3,10.5,Slow,77.43,2025-05-14,delayed,transit,2025-05-05,False,27
MV Coal Pioneer,Ketapang,813,2025-05-11,2025-05-20,120.56,Grader,40.0,1.71,26.77,2.89,28.0,44.28,9.56,Normal,269.75,Tidak Layak,35.0,0.36,12.62,Slow,64.41,2025-05-13,cancelled,maintenance,2025-05-05,True,27
MV Coal Pioneer,Ketapang,813,2025-05-11,2025-05-20,40.0,Grader,40.0,31.24,20.5,1.27,21.65,65.29,19.18,Normal,269.75,Layak,35.0,0.3,10.5,Slow,77.43,2025-05-14,delayed,transit,2025-05-05,False,27
MV Coal Pioneer,Ketapang,813,2025-05-11,2025-05-20,36.94,Grader,40.0,8.48,23.68,0.99,33.42,68.18,12.19,Normal,269.75,Layak,35.0,0.41,14.41,Slow,56.41,2025-05-13,delayed,transit,2025-05-05,False,27
MV Borneo Pearl,Pontianak,864,2025-05-11,2025-05-20,32.27,Grader,40.0,0.57,19.19,1.56,26.18,52.85,8.02,Normal,313.76,Layak,35.0,0.56,19.74,Slow,43.78,2025-05-12,delayed,transit,2025-05-05,False,27
MV Coal Pioneer,Batam,1461,2025-05-11,2025-05-16,90.0,Loader,90.0,36.08,14.79,2.54,21.09,43.65,17.41,Normal,106.63,Layak,30.0,0.3,9.0,Slow,162.33,2025-05-17,delayed,transit,2025-05-05,True,27
MV Coal Pioneer,Batam,1461,2025-05-11,2025-05-16,90.0,Loader,90.0,43.68,17.14,0.28,29.86,55.85,20.06,Sedang,106.63,Layak,30.0,0.3,9.0,Slow,162.33,2025-05-17,delayed,transit,2025-05-05,False,27
KM Nusantara 01,Jakarta,1305,2025-05-14,2025-05-19,120.0,Excavator,120.0,14.68,39.76,1.6,26.44,88.4,20.94,Sedang,25.25,Layak,20.0,0.3,6.0,Slow,217.5,2025-05-23,delayed,available,2025-05-12,False,28
MV Mining Voyager,Jakarta,1305,2025-05-14,2025-05-20,338.86,Bulldozer,110.0,14.68,39.76,1.6,26.44,88.4,20.94,Sedang,22.61,Tidak Layak,25.0,0.3,7.5,Slow,174.0,2025-05-21,cancelled,maintenance,2025-05-12,False,28
KM Nusantara 01,Jakarta,1305,2025-05-14,2025-05-19,120.0,Excavator,120.0,33.82,29.98,1.43,27.69,45.76,19.81,Normal,25.25,Layak,20.0,0.3,6.0,Slow,217.5,2025-05-23,delayed,available,2025-05-12,False,28
KM Nusantara 01,Jakarta,1305,2025-05-14,2025-05-19,120.0,Excavator,120.0,15.01,26.47,0.06,33.03,72.81,15.11,Normal,25.25,Layak,20.0,0.32,6.38,Slow,204.67,2025-05-22,delayed,transit,2025-05-12,False,28
KM Laut Sejahtera,Sukadana,813,2025-05-15,2025-05-20,34.18,Grader,40.0,36.23,17.31,1.11,21.81,92.53,22.55,Sedang,58.92,Layak,35.0,0.3,10.5,Slow,77.43,2025-05-18,delayed,transit,2025-05-12,False,28
KM Laut Sejahtera,Sukadana,813,2025-05-15,2025-05-20,32.23,Grader,40.0,46.95,19.38,1.57,25.83,82.06,24.95,Sedang,58.92,Layak,35.0,0.3,10.5,Slow,77.43,2025-05-18,delayed,transit,2025-05-12,False,28
KM Laut Sejahtera,Sukadana,813,2025-05-15,2025-05-20,37.85,Grader,40.0,7.19,39.92,1.7,23.75,42.07,14.39,Normal,58.92,Layak,35.0,0.3,10.5,Slow,77.43,2025-05-18,delayed,transit,2025-05-12,False,28
MV Pacific Runner,Surabaya,905,2025-05-23,2025-05-29,99.3,Bulldozer,110.0,24.23,12.77,2.05,22.62,56.0,14.31,Normal,88.87,Layak,25.0,0.44,11.02,Slow,82.11,2025-05-26,delayed,transit,2025-05-19,False,29
MV Kalbar Express,Makassar,573,2025-05-23,2025-06-01,112.55,Dump Truck,120.0,6.09,6.97,0.08,23.15,70.06,8.28,Normal,44.82,Layak,40.0,0.8,31.89,Normal,17.97,2025-05-23,on_schedule,transit,2025-05-19,False,29
MV Kalbar Express,Makassar,573,2025-05-23,2025-06-01,89.78,Bulldozer,110.0,4.25,21.28,2.31,31.72,90.61,13.06,Normal,48.89,Layak,25.0,0.46,11.56,Slow,49.55,2025-05-25,delayed,transit,2025-05-19,False,29
MV Mining Voyager,Ketapang,813,2025-05-22,2025-05-28,120.0,Excavator,120.0,24.52,4.08,2.38,28.99,80.31,14.1,Normal,52.21,Layak,20.0,0.6,12.03,Slow,67.57,2025-05-24,delayed,transit,2025-05-19,False,29
MV Pacific Runner,Surabaya,905,2025-05-23,2025-05-29,110.0,Bulldozer,110.0,4.25,21.28,2.31,31.72,90.61,13.06,Normal,88.87,Layak,25.0,0.46,11.56,Slow,78.27,2025-05-26,delayed,transit,2025-05-19,False,29
MV Pacific Runner,Surabaya,905,2025-05-23,2025-05-29,93.66,Bulldozer,110.0,39.94,19.25,0.82,33.51,92.53,22.9,Sedang,88.87,Layak,25.0,0.3,7.5,Slow,120.67,2025-05-28,delayed,transit,2025-05-19,False,29
MV Kalbar Express,Makassar,573,2025-05-23,2025-06-01,425.87,Dump Truck,120.0,4.25,21.28,2.31,31.72,90.61,13.06,Normal,44.82,Tidak Layak,40.0,0.46,18.5,Slow,30.97,2025-05-24,cancelled,maintenance,2025-05-19,False,29
MV Mining Voyager,Pontianak,864,2025-05-30,2025-06-07,110.0,Bulldozer,110.0,26.85,17.61,2.19,31.91,81.57,17.97,Normal,55.84,Layak,25.0,0.31,7.84,Slow,110.2,2025-06-03,delayed,transit,2025-05-26,False,30
MV Kalbar Express,Singkawang,922,2025-05-30,2025-06-06,110.0,Bulldozer,110.0,26.85,17.61,2.19,31.91,81.57,17.97,Normal,79.01,Layak,25.0,0.31,7.84,Slow,117.59,2025-06-03,delayed,transit,2025-05-26,False,30
MV Kalbar Express,Singkawang,922,2025-05-30,2025-06-06,60.0,Water Truck,60.0,26.85,17.61,2.19,31.91,81.57,17.97,Normal,144.85,Layak,45.0,0.31,14.11,Slow,65.33,2025-06-01,delayed,transit,2025-05-26,False,30
MV Kalbar Express,Singkawang,922,2025-05-30,2025-06-06,52.66,Water Truck,60.0,21.41,4.69,2.21,25.1,76.2,13.26,Normal,144.85,Layak,45.0,0.63,28.17,Slow,32.73,2025-05-31,delayed,transit,2025-05-26,False,30
MV Barito Queen,Sukadana,813,2025-05-29,2025-06-03,60.0,Water Truck,60.0,40.78,21.77,3.0,34.69,66.63,21.62,Sedang,330.61,Layak,45.0,0.3,13.5,Slow,60.22,2025-05-31,delayed,transit,2025-05-26,True,30
MV Barito Queen,Sukadana,813,2025-05-29,2025-06-03,110.0,Bulldozer,110.0,40.78,21.77,3.0,34.69,66.63,21.62,Sedang,180.33,Layak,25.0,0.3,7.5,Slow,108.4,2025-06-02,delayed,transit,2025-05-26,True,30
MV Barito Queen,Sukadana,813,2025-05-29,2025-06-03,495.87,Bulldozer,110.0,2.67,6.48,1.37,20.43,49.32,5.65,Normal,180.33,Tidak Layak,25.0,0.8,20.06,Normal,40.52,2025-05-30,cancelled,maintenance,2025-05-26,False,30
MT Mahakam Spirit,Balikpapan,117,2025-06-07,2025-06-14,168.55,Grader,40.0,38.62,0.09,1.55,21.19,68.62,16.74,Normal,227.36,Tidak Layak,35.0,0.57,19.79,Slow,5.91,2025-06-07,cancelled,maintenance,2025-06-02,False,31
MT Mahakam Spirit,Balikpapan,117,2025-06-07,2025-06-14,37.43,Grader,40.0,11.38,16.59,2.05,20.46,85.93,14.62,Normal,227.36,Layak,35.0,0.49,17.25,Slow,6.78,2025-06-07,delayed,transit,2025-06-02,False,31
MT Mahakam Spirit,Balikpapan,117,2025-06-07,2025-06-14,34.13,Grader,40.0,25.63,29.69,1.32,33.9,90.53,21.1,Sedang,227.36,Layak,35.0,0.3,10.5,Slow,11.14,2025-06-07,delayed,transit,2025-06-02,False,31
MT Mahakam Spirit,Balikpapan,117,2025-06-07,2025-06-14,90.0,Loader,90.0,11.73,13.2,2.73,33.73,56.95,9.82,Normal,101.05,Layak,30.0,0.54,16.1,Slow,7.27,2025-06-07,delayed,transit,2025-06-02,True,31
MT Mahakam Spirit,Balikpapan,117,2025-06-07,2025-06-14,36.65,Grader,40.0,22.84,2.85,2.97,34.92,84.57,13.27,Normal,227.36,Layak,35.0,0.63,21.89,Slow,5.34,2025-06-07,delayed,transit,2025-06-02,True,31
MT Mahakam Spirit,Balikpapan,117,2025-06-07,2025-06-14,90.0,Loader,90.0,11.38,16.59,2.05,20.46,85.93,14.62,Normal,101.05,Layak,30.0,0.49,14.79,Slow,7.91,2025-06-07,delayed,transit,2025-06-02,False,31
MT Mahakam Spirit,Balikpapan,117,2025-06-07,2025-06-14,40.0,Grader,40.0,11.73,13.2,2.73,33.73,56.95,9.82,Normal,227.36,Layak,35.0,0.54,18.79,Slow,6.23,2025-06-07,delayed,transit,2025-06-02,True,31
KM Nusantara 01,Singkawang,922,2025-06-12,2025-06-18,493.32,Dump Truck,120.0,20.31,16.37,1.37,32.64,47.24,11.99,Normal,51.47,Tidak Layak,40.0,0.43,17.14,Slow,53.8,2025-06-14,cancelled,maintenance,2025-06-09,False,32
MV Cargo Star,Pontianak,864,2025-06-12,2025-06-20,120.0,Dump Truck,120.0,46.29,37.69,2.72,30.87,55.37,26.44,Sedang,60.95,Layak,40.0,0.3,12.0,Slow,72.0,2025-06-15,delayed,transit,2025-06-09,True,32
MV Cargo Star,Pontianak,864,2025-06-12,2025-06-20,120.0,Dump Truck,120.0,20.31,16.37,1.37,32.64,47.24,11.99,Normal,60.95,Layak,40.0,0.43,17.14,Slow,50.41,2025-06-14,delayed,transit,2025-06-09,False,32
MV Cargo Star,Pontianak,864,2025-06-12,2025-06-20,120.0,Dump Truck,120.0,46.29,37.69,2.72,30.87,55.37,26.44,Sedang,60.95,Layak,40.0,0.3,12.0,Slow,72.0,2025-06-15,delayed,transit,2025-06-09,True,32
MV Cargo Star,Pontianak,864,2025-06-12,2025-06-20,96.33,Dump Truck,120.0,20.31,16.37,1.37,32.64,47.24,11.99,Normal,60.95,Layak,40.0,0.43,17.14,Slow,50.41,2025-06-14,delayed,transit,2025-06-09,False,32
MV Pacific Runner,Surabaya,905,2025-06-11,2025-06-18,120.0,Dump Truck,120.0,45.83,15.08,2.19,25.73,68.62,22.36,Sedang,13.53,Layak,40.0,0.3,12.0,Slow,75.42,2025-06-14,delayed,transit,2025-06-09,False,32
MV Cargo Star,Pontianak,864,2025-06-12,2025-06-20,60.0,Water Truck,60.0,46.29,37.69,2.72,30.87,55.37,26.44,Sedang,121.89,Layak,45.0,0.3,13.5,Slow,64.0,2025-06-14,delayed,transit,2025-06-09,True,32
MV Coal Pioneer,Balikpapan,117,2025-06-21,2025-06-26,120.0,Excavator,120.0,42.5,38.96,2.72,23.55,70.01,27.82,Sedang,23.17,Layak,20.0,0.3,6.0,Slow,19.5,2025-06-21,delayed,available,2025-06-16,True,33
MV Coal Pioneer,Balikpapan,117,2025-06-21,2025-06-26,60.0,Water Truck,60.0,42.5,38.96,2.72,23.55,70.01,27.82,Sedang,46.33,Layak,45.0,0.3,13.5,Slow,8.67,2025-06-21,delayed,transit,2025-06-16,True,33
MV Coal Pioneer,Balikpapan,117,2025-06-21,2025-06-26,120.0,Excavator,120.0,41.54,19.34,2.22,22.41,46.59,20.27,Sedang,23.17,Layak,20.0,0.3,6.0,Slow,19.5,2025-06-21,delayed,available,2025-06-16,False,33
KM Kapuas Indah,Batam,1461,2025-06-21,2025-06-28,90.0,Loader,90.0,42.5,38.96,2.72,23.55,70.01,27.82,Sedang,14.92,Layak,30.0,0.3,9.0,Slow,162.33,2025-06-27,delayed,transit,2025-06-16,True,33
MV Coal Pioneer,Balikpapan,117,2025-06-21,2025-06-26,120.0,Excavator,120.0,30.64,36.3,2.18,26.42,84.46,24.62,Sedang,23.17,Layak,20.0,0.3,6.0,Slow,19.5,2025-06-21,delayed,available,2025-06-16,False,33
MV Titan Logistics,Batam,1461,2025-06-21,2025-06-29,90.0,Loader,90.0,49.99,12.13,2.42,33.82,51.44,20.4,Sedang,182.1,Layak,30.0,0.3,9.0,Slow,162.33,2025-06-27,delayed,transit,2025-06-16,False,33
MV Titan Logistics,Batam,1461,2025-06-21,2025-06-29,55.24,Water Truck,60.0,41.54,19.34,2.22,22.41,46.59,20.27,Sedang,273.15,Layak,45.0,0.3,13.5,Slow,108.22,2025-06-25,delayed,transit,2025-06-16,False,33
KM Kapuas Indah,Singkawang,922,2025-06-26,2025-07-01,90.0,Loader,90.0,12.01,14.85,2.53,31.73,82.92,13.07,Normal,137.08,Layak,30.0,0.51,15.21,Slow,60.62,2025-06-28,delayed,transit,2025-06-23,True,34
KM Kapuas Indah,Singkawang,922,2025-06-26,2025-07-01,90.0,Loader,90.0,42.62,19.96,0.44,25.7,71.33,22.45,Sedang,137.08,Layak,30.0,0.3,9.0,Slow,102.44,2025-06-30,delayed,transit,2025-06-23,False,34
KM Kapuas Indah,Singkawang,922,2025-06-26,2025-07-01,80.6,Loader,90.0,12.16,7.77,1.33,30.23,81.24,11.02,Normal,137.08,Layak,30.0,0.68,20.5,Slow,44.99,2025-06-27,delayed,transit,2025-06-23,False,34
KM Kapuas Indah,Singkawang,922,2025-06-26,2025-07-01,357.85,Loader,90.0,15.02,24.09,1.99,26.8,83.07,16.65,Normal,137.08,Tidak Layak,30.0,0.31,9.25,Slow,99.71,2025-06-30,cancelled,maintenance,2025-06-23,False,34
MV Andalas Jaya,Surabaya,905,2025-06-26,2025-07-03,90.0,Loader,90.0,12.01,14.85,2.53,31.73,82.92,13.07,Normal,109.77,Layak,30.0,0.51,15.21,Slow,59.5,2025-06-28,delayed,transit,2025-06-23,True,34
KM Kapuas Indah,Singkawang,922,2025-06-26,2025-07-01,40.0,Grader,40.0,42.62,19.96,0.44,25.7,71.33,22.45,Sedang,308.42,Layak,35.0,0.3,10.5,Slow,87.81,2025-06-29,delayed,transit,2025-06-23,False,34
KM Kapuas Indah,Singkawang,922,2025-06-26,2025-07-01,32.2,Grader,40.0,12.16,7.77,1.33,30.23,81.24,11.02,Normal,308.42,Layak,35.0,0.68,23.91,Slow,38.56,2025-06-27,delayed,transit,2025-06-23,False,34
TB Nusantara Towing,Batam,1461,2025-07-04,2025-07-11,107.65,Bulldozer,110.0,11.53,5.26,0.7,27.62,56.65,7.85,Normal,36.94,Layak,25.0,0.76,18.96,Normal,77.05,2025-07-07,on_schedule,transit,2025-06-30,False,35
MV Titan Logistics,Batam,1461,2025-07-04,2025-07-09,104.85,Dump Truck,120.0,11.53,5.26,0.7,27.62,56.65,7.85,Normal,73.53,Layak,40.0,0.76,30.34,Normal,48.16,2025-07-06,on_schedule,transit,2025-06-30,False,35
TB Nusantara Towing,Batam,1461,2025-07-04,2025-07-11,40.0,Grader,40.0,11.73,32.92,2.93,30.74,92.23,18.63,Normal,101.6,Layak,35.0,0.3,10.5,Slow,139.14,2025-07-09,delayed,transit,2025-06-30,True,35
TB Nusantara Towing,Batam,1461,2025-07-04,2025-07-11,35.48,Grader,40.0,29.71,8.32,2.04,34.95,75.14,15.52,Normal,101.6,Layak,35.0,0.48,16.64,Slow,87.8,2025-07-07,delayed,transit,2025-06-30,False,35
TB Nusantara Towing,Batam,1461,2025-07-04,2025-07-11,120.0,Dump Truck,120.0,14.79,8.0,0.63,33.07,78.6,11.15,Normal,33.87,Layak,40.0,0.67,26.93,Slow,54.26,2025-07-06,delayed,transit,2025-06-30,False,35
MV Titan Logistics,Batam,1461,2025-07-04,2025-07-09,565.93,Dump Truck,120.0,29.71,8.32,2.04,34.95,75.14,15.52,Normal,73.53,Tidak Layak,40.0,0.48,19.02,Slow,76.83,2025-07-07,cancelled,maintenance,2025-06-30,False,35
TB Nusantara Towing,Batam,1461,2025-07-04,2025-07-11,39.16,Grader,40.0,22.48,36.45,2.72,23.55,80.22,22.2,Sedang,101.6,Layak,35.0,0.3,10.5,Slow,139.14,2025-07-09,delayed,transit,2025-06-30,True,35
MV Cargo Star,Balikpapan,117,2025-07-13,2025-07-22,90.0,Loader,90.0,35.28,11.9,2.55,21.37,62.87,18.35,Normal,206.52,Layak,30.0,0.33,9.98,Slow,11.73,2025-07-13,delayed,transit,2025-07-07,True,36
MV Cargo Star,Balikpapan,117,2025-07-13,2025-07-22,90.0,Loader,90.0,0.01,17.57,0.72,22.63,86.39,10.95,Normal,206.52,Layak,30.0,0.63,18.81,Slow,6.22,2025-07-13,delayed,transit,2025-07-07,False,36
MV Cargo Star,Balikpapan,117,2025-07-13,2025-07-22,60.0,Water Truck,60.0,30.96,30.41,2.8,24.47,73.66,22.51,Sedang,309.78,Layak,45.0,0.3,13.5,Slow,8.67,2025-07-13,delayed,transit,2025-07-07,True,36
MV Cargo Star,Balikpapan,117,2025-07-13,2025-07-22,60.0,Water Truck,60.0,28.43,19.96,1.97,22.05,51.35,16.94,Normal,309.78,Layak,45.0,0.3,13.5,Slow,8.67,2025-07-13,delayed,transit,2025-07-07,False,36
MV Cargo Star,Balikpapan,117,2025-07-13,2025-07-22,48.81,Water Truck,60.0,35.28,11.9,2.55,21.37,62.87,18.35,Normal,309.78,Layak,45.0,0.33,14.97,Slow,7.82,2025-07-13,delayed,transit,2025-07-07,True,36
MV Cargo Star,Balikpapan,117,2025-07-13,2025-07-22,90.0,Loader,90.0,28.43,19.96,1.97,22.05,51.35,16.94,Normal,206.52,Layak,30.0,0.3,9.0,Slow,13.0,2025-07-13,delayed,transit,2025-07-07,False,36
KM Nusantara 01,Makassar,573,2025-07-13,2025-07-18,124.19,Water Truck,60.0,0.01,17.57,0.72,22.63,86.39,10.95,Normal,95.84,Tidak Layak,45.0,0.63,28.21,Slow,20.31,2025-07-13,cancelled,maintenance,2025-07-07,False,36
MT Ocean Pride,Jakarta,1305,2025-07-15,2025-07-20,40.0,Grader,40.0,27.56,11.79,1.31,27.61,87.77,17.56,Normal,27.15,Layak,35.0,0.45,15.72,Slow,83.02,2025-07-18,delayed,transit,2025-07-14,False,37
KM Kapuas Indah,Ketapang,813,2025-07-15,2025-07-24,341.47,Excavator,120.0,30.5,21.66,0.82,27.95,61.5,18.13,Normal,133.86,Tidak Layak,20.0,0.3,6.0,Slow,135.5,2025-07-20,cancelled,maintenance,2025-07-14,False,37
MV Barito Queen,Makassar,573,2025-07-15,2025-07-21,114.4,Excavator,120.0,23.1,27.42,1.46,22.88,79.19,19.78,Normal,56.35,Layak,20.0,0.3,6.0,Slow,95.5,2025-07-18,delayed,available,2025-07-14,False,37
KM Kapuas Indah,Ketapang,813,2025-07-15,2025-07-24,110.34,Excavator,120.0,23.1,27.42,1.46,22.88,79.19,19.78,Normal,133.86,Layak,20.0,0.3,6.0,Slow,135.5,2025-07-20,delayed,available,2025-07-14,False,37
MV Barito Queen,Makassar,573,2025-07-15,2025-07-21,40.0,Grader,40.0,27.56,11.79,1.31,27.61,87.77,17.56,Normal,169.05,Layak,35.0,0.45,15.72,Slow,36.45,2025-07-16,delayed,transit,2025-07-14,False,37
MT Ocean Pride,Jakarta,1305,2025-07-15,2025-07-20,113.84,Grader,40.0,30.5,21.66,0.82,27.95,61.5,18.13,Normal,27.15,Tidak Layak,35.0,0.3,10.5,Slow,124.29,2025-07-20,cancelled,maintenance,2025-07-14,False,37
KM Kapuas Indah,Ketapang,813,2025-07-15,2025-07-24,504.63,Excavator,120.0,23.1,27.42,1.46,22.88,79.19,19.78,Normal,133.86,Tidak Layak,20.0,0.3,6.0,Slow,135.5,2025-07-20,cancelled,maintenance,2025-07-14,False,37
MV Andalas Jaya,Surabaya,905,2025-07-23,2025-08-01,356.16,Bulldozer,110.0,4.97,19.73,0.22,26.94,60.7,9.86,Normal,112.17,Tidak Layak,25.0,0.55,13.72,Slow,65.94,2025-07-25,cancelled,maintenance,2025-07-21,False,38
MV Andalas Jaya,Surabaya,905,2025-07-23,2025-08-01,60.0,Water Truck,60.0,4.97,19.73,0.22,26.94,60.7,9.86,Normal,205.65,Layak,45.0,0.55,24.7,Slow,36.63,2025-07-24,delayed,transit,2025-07-21,False,38
MV Andalas Jaya,Surabaya,905,2025-07-23,2025-08-01,95.12,Bulldozer,110.0,38.87,10.21,0.57,23.3,42.46,16.27,Normal,112.17,Layak,25.0,0.39,9.75,Slow,92.86,2025-07-26,delayed,transit,2025-07-21,False,38
MV Andalas Jaya,Surabaya,905,2025-07-23,2025-08-01,274.51,Water Truck,60.0,35.6,32.29,0.95,20.37,77.59,24.71,Sedang,205.65,Tidak Layak,45.0,0.3,13.5,Slow,67.04,2025-07-25,cancelled,maintenance,2025-07-21,False,38
MV Andalas Jaya,Surabaya,905,2025-07-23,2025-08-01,60.0,Water Truck,60.0,49.38,17.21,2.1,33.05,51.24,21.46,Sedang,205.65,Layak,45.0,0.3,13.5,Slow,67.04,2025-07-25,delayed,transit,2025-07-21,False,38
MV Andalas Jaya,Surabaya,905,2025-07-23,2025-08-01,56.6,Water Truck,60.0,2.39,32.72,0.18,22.09,62.49,12.98,Normal,205.65,Layak,45.0,0.32,14.24,Slow,63.55,2025-07-25,delayed,transit,2025-07-21,False,38
MV Andalas Jaya,Surabaya,905,2025-07-23,2025-08-01,60.0,Water Truck,60.0,32.58,38.46,1.14,29.42,89.52,25.68,Sedang,205.65,Layak,45.0,0.3,13.5,Slow,67.04,2025-07-25,delayed,transit,2025-07-21,False,38
KM Bornea Harmony,Banjarmasin,608,2025-07-31,2025-08-06,533.7,Bulldozer,110.0,28.09,27.32,2.07,29.64,52.35,18.04,Normal,23.48,Tidak Layak,25.0,0.3,7.5,Slow,81.07,2025-08-03,cancelled,maintenance,2025-07-28,False,39
KM Bornea Harmony,Banjarmasin,608,2025-07-31,2025-08-06,421.89,Dump Truck,120.0,42.46,17.2,0.26,27.14,44.52,18.84,Normal,21.53,Tidak Layak,40.0,0.3,12.0,Slow,50.67,2025-08-02,cancelled,maintenance,2025-07-28,False,39
TB Mitra Sejati,Banjarmasin,608,2025-07-29,2025-08-04,380.11,Excavator,120.0,39.2,24.36,1.43,28.85,94.77,24.8,Sedang,34.17,Tidak Layak,20.0,0.3,6.0,Slow,101.33,2025-08-02,cancelled,maintenance,2025-07-28,False,39
MV Barito Queen,Balikpapan,117,2025-07-29,2025-08-06,266.41,Loader,90.0,11.2,19.74,2.28,21.74,69.65,13.66,Normal,115.36,Tidak Layak,30.0,0.42,12.74,Slow,9.18,2025-07-29,cancelled,maintenance,2025-07-28,False,39
MV Barito Queen,Balikpapan,117,2025-07-29,2025-08-06,204.65,Loader,90.0,17.2,22.23,1.48,22.97,93.24,18.12,Normal,115.36,Tidak Layak,30.0,0.34,10.16,Slow,11.51,2025-07-29,cancelled,maintenance,2025-07-28,False,39
MV Barito Queen,Balikpapan,117,2025-07-29,2025-08-06,90.0,Loader,90.0,19.51,24.63,2.97,24.21,83.14,18.65,Normal,115.36,Layak,30.0,0.3,9.0,Slow,13.0,2025-07-29,delayed,transit,2025-07-28,True,39
MV Barito Queen,Balikpapan,117,2025-07-29,2025-08-06,90.0,Loader,90.0,39.2,24.36,1.43,28.85,94.77,24.8,Sedang,115.36,Layak,30.0,0.3,9.0,Slow,13.0,2025-07-29,delayed,transit,2025-07-28,False,39
MV Kalbar Express,Surabaya,905,2025-08-07,2025-08-13,82.8,Loader,90.0,3.94,10.6,1.08,21.13,54.48,7.44,Normal,141.87,Layak,30.0,0.72,21.48,Normal,42.13,2025-08-08,on_schedule,transit,2025-08-04,False,40
MV Kalbar Express,Surabaya,905,2025-08-07,2025-08-13,40.0,Grader,40.0,30.19,38.91,0.92,31.12,60.42,21.94,Sedang,319.21,Layak,35.0,0.3,10.5,Slow,86.19,2025-08-10,delayed,transit,2025-08-04,False,40
MV Kalbar Express,Surabaya,905,2025-08-07,2025-08-13,90.0,Loader,90.0,30.19,38.91,0.92,31.12,60.42,21.94,Sedang,141.87,Layak,30.0,0.3,9.0,Slow,100.56,2025-08-11,delayed,transit,2025-08-04,False,40
MV Kalbar Express,Surabaya,905,2025-08-07,2025-08-13,90.0,Loader,90.0,30.26,22.52,0.89,27.8,85.67,20.72,Sedang,141.87,Layak,30.0,0.3,9.0,Slow,100.56,2025-08-11,delayed,transit,2025-08-04,False,40
MV Kalbar Express,Surabaya,905,2025-08-07,2025-08-13,37.72,Grader,40.0,46.42,7.65,2.62,25.54,84.46,22.39,Sedang,319.21,Layak,35.0,0.3,10.64,Slow,85.03,2025-08-10,delayed,transit,2025-08-04,True,40
MV Kalbar Express,Surabaya,905,2025-08-07,2025-08-13,38.0,Grader,40.0,3.94,10.6,1.08,21.13,54.48,7.44,Normal,319.21,Layak,35.0,0.72,25.06,Normal,36.11,2025-08-08,on_schedule,transit,2025-08-04,False,40
MV Kalbar Express,Surabaya,905,2025-08-07,2025-08-13,40.0,Grader,40.0,30.26,22.52,0.89,27.8,85.67,20.72,Sedang,319.21,Layak,35.0,0.3,10.5,Slow,86.19,2025-08-10,delayed,transit,2025-08-04,False,40
KM Bornea Harmony,Sukadana,813,2025-08-14,2025-08-22,335.8,Bulldozer,110.0,35.07,33.61,0.44,24.37,50.92,21.69,Sedang,64.39,Tidak Layak,25.0,0.3,7.5,Slow,108.4,2025-08-18,cancelled,maintenance,2025-08-11,False,41
KM Bornea Harmony,Sukadana,813,2025-08-14,2025-08-22,40.0,Grader,40.0,49.05,0.37,1.33,22.99,78.0,20.64,Sedang,177.06,Layak,35.0,0.46,16.18,Slow,50.26,2025-08-16,delayed,transit,2025-08-11,False,41
KM Bornea Harmony,Sukadana,813,2025-08-14,2025-08-22,97.23,Bulldozer,110.0,49.05,0.37,1.33,22.99,78.0,20.64,Sedang,64.39,Layak,25.0,0.46,11.55,Slow,70.36,2025-08-16,delayed,transit,2025-08-11,False,41
KM Samudera Raya,Ketapang,813,2025-08-14,2025-08-19,120.0,Excavator,120.0,15.92,7.35,0.98,23.56,82.43,12.75,Normal,44.96,Layak,20.0,0.66,13.29,Slow,61.18,2025-08-16,delayed,transit,2025-08-11,False,41
KM Bornea Harmony,Sukadana,813,2025-08-14,2025-08-22,40.0,Grader,40.0,15.92,7.35,0.98,23.56,82.43,12.75,Normal,177.06,Layak,35.0,0.66,23.26,Slow,34.96,2025-08-15,delayed,transit,2025-08-11,False,41
KM Bornea Harmony,Sukadana,813,2025-08-14,2025-08-22,36.7,Grader,40.0,15.92,7.35,0.98,23.56,82.43,12.75,Normal,177.06,Layak,35.0,0.66,23.26,Slow,34.96,2025-08-15,delayed,transit,2025-08-11,False,41
KM Bornea Harmony,Sukadana,813,2025-08-14,2025-08-22,40.0,Grader,40.0,35.07,33.61,0.44,24.37,50.92,21.69,Sedang,177.06,Layak,35.0,0.3,10.5,Slow,77.43,2025-08-17,delayed,transit,2025-08-11,False,41
MV Borneo Pearl,Surabaya,905,2025-08-21,2025-08-30,60.0,Water Truck,60.0,30.5,8.75,1.59,29.38,53.12,14.11,Normal,41.59,Layak,45.0,0.47,21.26,Slow,42.57,2025-08-22,delayed,transit,2025-08-18,False,42
MV Borneo Pearl,Surabaya,905,2025-08-21,2025-08-30,60.0,Water Truck,60.0,1.79,12.28,1.78,28.81,49.36,6.11,Normal,41.59,Layak,45.0,0.68,30.74,Slow,29.44,2025-08-22,delayed,transit,2025-08-18,False,42
MV Borneo Pearl,Surabaya,905,2025-08-21,2025-08-30,60.0,Water Truck,60.0,21.03,30.91,1.35,29.11,40.08,15.47,Normal,41.59,Layak,45.0,0.3,13.5,Slow,67.04,2025-08-23,delayed,transit,2025-08-18,False,42
MV Borneo Pearl,Surabaya,905,2025-08-21,2025-08-30,48.83,Water Truck,60.0,37.79,26.74,2.65,31.01,48.35,20.42,Sedang,41.59,Layak,45.0,0.3,13.5,Slow,67.04,2025-08-23,delayed,transit,2025-08-18,True,42
MV Borneo Pearl,Surabaya,905,2025-08-21,2025-08-30,60.0,Water Truck,60.0,3.16,11.53,0.56,29.71,91.64,10.16,Normal,41.59,Layak,45.0,0.72,32.44,Normal,27.9,2025-08-22,on_schedule,transit,2025-08-18,False,42
MV Borneo Pearl,Surabaya,905,2025-08-21,2025-08-30,187.37,Water Truck,60.0,21.07,3.86,2.5,29.8,47.08,9.64,Normal,41.59,Tidak Layak,45.0,0.64,28.66,Slow,31.57,2025-08-22,cancelled,maintenance,2025-08-18,False,42
MV Borneo Pearl,Surabaya,905,2025-08-21,2025-08-30,247.12,Water Truck,60.0,42.29,39.14,0.07,26.45,90.92,28.94,Sedang,41.59,Tidak Layak,45.0,0.3,13.5,Slow,67.04,2025-08-23,cancelled,maintenance,2025-08-18,False,42
MV Pacific Runner,Sukadana,813,2025-08-27,2025-09-05,120.0,Dump Truck,120.0,0.65,31.2,0.49,31.79,91.84,14.12,Normal,68.83,Layak,40.0,0.35,14.19,Slow,57.3,2025-08-29,delayed,transit,2025-08-25,False,43
MV Borneo Pearl,Banjarmasin,608,2025-08-27,2025-09-01,120.0,Dump Truck,120.0,0.65,31.2,0.49,31.79,91.84,14.12,Normal,18.26,Layak,40.0,0.35,14.19,Slow,42.85,2025-08-28,delayed,transit,2025-08-25,False,43
MT Ocean Pride,Sukadana,813,2025-08-27,2025-09-05,581.01,Excavator,120.0,0.65,31.2,0.49,31.79,91.84,14.12,Normal,126.65,Tidak Layak,20.0,0.35,7.09,Slow,114.59,2025-08-31,cancelled,maintenance,2025-08-25,False,43
MV Pacific Runner,Sukadana,813,2025-08-27,2025-09-05,468.61,Bulldozer,110.0,0.65,31.2,0.49,31.79,91.84,14.12,Normal,75.09,Tidak Layak,25.0,0.35,8.87,Slow,91.67,2025-08-30,cancelled,maintenance,2025-08-25,False,43
MV Pacific Runner,Sukadana,813,2025-08-27,2025-09-05,110.0,Bulldozer,110.0,19.61,36.18,0.91,28.17,90.3,21.37,Sedang,75.09,Layak,25.0,0.3,7.5,Slow,108.4,2025-08-31,delayed,transit,2025-08-25,False,43
MT Ocean Hauler,Batam,1461,2025-08-27,2025-09-03,110.0,Bulldozer,110.0,12.2,6.5,2.6,32.71,75.59,10.22,Normal,99.39,Layak,25.0,0.67,16.75,Slow,87.22,2025-08-30,delayed,transit,2025-08-25,True,43
MV Pacific Runner,Sukadana,813,2025-08-27,2025-09-05,108.73,Dump Truck,120.0,35.62,35.66,2.17,24.09,76.32,25.37,Sedang,68.83,Layak,40.0,0.3,12.0,Slow,67.75,2025-08-29,delayed,transit,2025-08-25,False,43
KM Nusantara 01,Balikpapan,117,2025-09-03,2025-09-10,120.0,Excavator,120.0,13.87,25.64,1.61,31.01,55.52,13.43,Normal,123.12,Layak,20.0,0.3,6.0,Slow,19.49,2025-09-03,delayed,available,2025-09-01,False,44
MT Ocean Hauler,Sukadana,813,2025-09-03,2025-09-09,280.03,Excavator,120.0,30.67,26.83,0.32,24.57,40.94,17.63,Normal,125.38,Tidak Layak,20.0,0.3,6.0,Slow,135.5,2025-09-08,cancelled,maintenance,2025-09-01,False,44
KM Nusantara 01,Balikpapan,117,2025-09-03,2025-09-10,120.0,Excavator,120.0,30.67,26.83,0.32,24.57,40.94,17.63,Normal,123.12,Layak,20.0,0.3,6.0,Slow,19.5,2025-09-03,delayed,available,2025-09-01,False,44
MT Ocean Hauler,Sukadana,813,2025-09-03,2025-09-09,120.0,Excavator,120.0,13.87,25.64,1.61,31.01,55.52,13.43,Normal,125.38,Layak,20.0,0.3,6.0,Slow,135.44,2025-09-08,delayed,available,2025-09-01,False,44
MT Ocean Hauler,Sukadana,813,2025-09-02,2025-09-07,120.0,Dump Truck,120.0,23.87,20.57,1.22,27.36,94.37,19.31,Normal,68.23,Layak,40.0,0.31,12.53,Slow,64.9,2025-09-04,delayed,transit,2025-09-01,False,44
MT Ocean Hauler,Sukadana,813,2025-09-02,2025-09-07,120.0,Dump Truck,120.0,9.58,11.98,0.05,25.79,47.11,8.01,Normal,68.23,Layak,40.0,0.66,26.53,Slow,30.64,2025-09-03,delayed,transit,2025-09-01,False,44
KM Nusantara 01,Balikpapan,117,2025-09-03,2025-09-10,120.0,Excavator,120.0,13.87,25.64,1.61,31.01,55.52,13.43,Normal,123.12,Layak,20.0,0.3,6.0,Slow,19.49,2025-09-03,delayed,available,2025-09-01,False,44
TB Nusantara Towing,Singkawang,922,2025-09-11,2025-09-17,103.59,Bulldozer,110.0,1.1,9.43,1.88,31.19,43.04,4.34,Normal,174.81,Layak,25.0,0.74,18.6,Normal,49.58,2025-09-13,on_schedule,transit,2025-09-08,False,45
TB Nusantara Towing,Singkawang,922,2025-09-11,2025-09-17,108.11,Bulldozer,110.0,45.03,34.84,1.6,34.95,69.93,26.12,Sedang,174.81,Layak,25.0,0.3,7.5,Slow,122.93,2025-09-16,delayed,transit,2025-09-08,False,45
TB Nusantara Towing,Singkawang,922,2025-09-11,2025-09-18,40.0,Grader,40.0,45.72,8.21,1.36,32.12,84.38,21.34,Sedang,266.43,Layak,35.0,0.34,11.82,Slow,78.03,2025-09-14,delayed,transit,2025-09-08,False,45
TB Nusantara Towing,Singkawang,922,2025-09-11,2025-09-18,40.0,Grader,40.0,1.1,9.43,1.88,31.19,43.04,4.34,Normal,266.43,Layak,35.0,0.74,26.04,Normal,35.41,2025-09-12,on_schedule,transit,2025-09-08,False,45
TB Nusantara Towing,Singkawang,922,2025-09-11,2025-09-18,106.83,Grader,40.0,45.03,34.84,1.6,34.95,69.93,26.12,Sedang,266.43,Tidak Layak,35.0,0.3,10.5,Slow,87.81,2025-09-14,cancelled,maintenance,2025-09-08,False,45
TB Nusantara Towing,Singkawang,922,2025-09-11,2025-09-18,244.38,Dump Truck,120.0,45.72,8.21,1.36,32.12,84.38,21.34,Sedang,88.81,Tidak Layak,40.0,0.34,13.5,Slow,68.27,2025-09-13,cancelled,maintenance,2025-09-08,False,45
TB Nusantara Towing,Singkawang,922,2025-09-11,2025-09-18,255.54,Dump Truck,120.0,1.1,9.43,1.88,31.19,43.04,4.34,Normal,88.81,Tidak Layak,40.0,0.74,29.76,Normal,30.99,2025-09-12,cancelled,maintenance,2025-09-08,False,45
TB Nusantara Towing,Batam,1461,2025-09-19,2025-09-26,55.18,Water Truck,60.0,13.64,19.96,2.31,28.76,70.24,13.81,Normal,19.93,Layak,45.0,0.4,17.79,Slow,82.15,2025-09-22,delayed,transit,2025-09-15,False,46
MT Mahakam Spirit,Pontianak,864,2025-09-19,2025-09-27,143.32,Grader,40.0,13.64,19.96,2.31,28.76,70.24,13.81,Normal,149.52,Tidak Layak,35.0,0.4,13.83,Slow,62.46,2025-09-21,cancelled,maintenance,2025-09-15,False,46
MV Coal Pioneer,Surabaya,905,2025-09-19,2025-09-28,199.93,Loader,90.0,31.32,3.02,2.95,30.56,51.41,12.97,Normal,132.98,Tidak Layak,30.0,0.54,16.14,Slow,56.08,2025-09-21,cancelled,maintenance,2025-09-15,True,46
TB Nusantara Towing,Batam,1461,2025-09-19,2025-09-26,39.37,Grader,40.0,40.93,34.26,0.2,21.97,74.71,26.17,Sedang,29.9,Layak,35.0,0.3,10.5,Slow,139.14,2025-09-24,delayed,transit,2025-09-15,False,46
TB Nusantara Towing,Batam,1461,2025-09-19,2025-09-26,54.66,Water Truck,60.0,40.93,34.26,0.2,21.97,74.71,26.17,Sedang,19.93,Layak,45.0,0.3,13.5,Slow,108.22,2025-09-23,delayed,transit,2025-09-15,False,46
TB Nusantara Towing,Batam,1461,2025-09-19,2025-09-26,128.18,Water Truck,60.0,31.32,3.02,2.95,30.56,51.41,12.97,Normal,19.93,Tidak Layak,45.0,0.54,24.21,Slow,60.36,2025-09-21,cancelled,maintenance,2025-09-15,True,46
TB Nusantara Towing,Batam,1461,2025-09-19,2025-09-26,53.18,Water Truck,60.0,13.64,19.96,2.31,28.76,70.24,13.81,Normal,19.93,Layak,45.0,0.4,17.79,Slow,82.15,2025-09-22,delayed,transit,2025-09-15,False,46
MV Borneo Pearl,Batam,1461,2025-09-26,2025-10-01,110.0,Bulldozer,110.0,35.18,4.64,0.22,27.73,83.66,17.36,Normal,122.4,Layak,25.0,0.55,13.72,Slow,106.53,2025-09-30,delayed,transit,2025-09-22,False,47
MV Borneo Pearl,Ketapang,813,2025-09-26,2025-10-01,513.79,Bulldozer,110.0,49.88,21.48,1.85,34.34,55.45,22.91,Sedang,22.19,Tidak Layak,25.0,0.3,7.5,Slow,108.4,2025-09-30,cancelled,maintenance,2025-09-22,False,47
MV Borneo Pearl,Ketapang,813,2025-09-26,2025-10-01,110.0,Bulldozer,110.0,35.18,4.64,0.22,27.73,83.66,17.36,Normal,22.19,Layak,25.0,0.55,13.72,Slow,59.28,2025-09-28,delayed,transit,2025-09-22,False,47
MV Borneo Pearl,Batam,1461,2025-09-26,2025-10-01,51.16,Water Truck,60.0,35.18,4.64,0.22,27.73,83.66,17.36,Normal,224.41,Layak,45.0,0.55,24.69,Slow,59.18,2025-09-28,delayed,transit,2025-09-22,False,47
MV Borneo Pearl,Batam,1461,2025-09-26,2025-10-01,60.0,Water Truck,60.0,12.42,18.87,2.9,28.53,91.17,15.43,Normal,224.41,Layak,45.0,0.41,18.51,Slow,78.93,2025-09-29,delayed,transit,2025-09-22,True,47
MV Borneo Pearl,Ketapang,813,2025-09-26,2025-10-01,110.0,Bulldozer,110.0,12.42,18.87,2.9,28.53,91.17,15.43,Normal,22.19,Layak,25.0,0.41,10.28,Slow,79.06,2025-09-29,delayed,transit,2025-09-22,True,47
MT Mahakam Spirit,Singkawang,922,2025-09-26,2025-10-04,110.0,Bulldozer,110.0,12.42,18.87,2.9,28.53,91.17,15.43,Normal,61.97,Layak,25.0,0.41,10.28,Slow,89.66,2025-09-29,delayed,transit,2025-09-22,True,47
MV Pacific Runner,Jakarta,1305,2025-10-02,2025-10-08,60.0,Water Truck,60.0,46.03,30.13,0.08,28.26,42.33,22.77,Sedang,68.16,Layak,45.0,0.3,13.5,Slow,96.67,2025-10-06,delayed,transit,2025-09-29,False,48
KM Laut Sejahtera,Singkawang,922,2025-10-02,2025-10-08,73.33,Loader,90.0,27.02,10.85,1.43,22.81,70.88,15.98,Normal,54.52,Layak,30.0,0.47,14.1,Slow,65.4,2025-10-04,delayed,transit,2025-09-29,False,48
KM Laut Sejahtera,Singkawang,922,2025-10-02,2025-10-08,81.17,Loader,90.0,46.03,30.13,0.08,28.26,42.33,22.77,Sedang,54.52,Layak,30.0,0.3,9.0,Slow,102.44,2025-10-06,delayed,transit,2025-09-29,False,48
KM Laut Sejahtera,Singkawang,922,2025-10-02,2025-10-08,90.0,Loader,90.0,24.38,22.78,1.28,28.6,56.67,16.14,Normal,54.52,Layak,30.0,0.3,9.0,Slow,102.44,2025-10-06,delayed,transit,2025-09-29,False,48
MV Pacific Runner,Jakarta,1305,2025-10-02,2025-10-08,243.25,Water Truck,60.0,26.87,4.98,1.15,23.12,71.97,14.48,Normal,68.16,Tidak Layak,45.0,0.6,26.88,Slow,48.55,2025-10-04,cancelled,maintenance,2025-09-29,False,48
KM Laut Sejahtera,Singkawang,922,2025-10-02,2025-10-08,268.06,Water Truck,60.0,17.97,32.23,2.04,23.3,81.75,19.8,Normal,81.78,Tidak Layak,45.0,0.3,13.5,Slow,68.3,2025-10-04,cancelled,maintenance,2025-09-29,False,48
KM Laut Sejahtera,Singkawang,922,2025-10-02,2025-10-08,297.52,Water Truck,60.0,26.87,4.98,1.15,23.12,71.97,14.48,Normal,81.78,Tidak Layak,45.0,0.6,26.88,Slow,34.3,2025-10-03,cancelled,maintenance,2025-09-29,False,48
MV Coal Pioneer,Banjarmasin,608,2025-10-10,2025-10-15,120.0,Excavator,120.0,9.31,39.2,2.02,34.35,42.74,13.94,Normal,91.91,Layak,20.0,0.3,6.0,Slow,101.33,2025-10-14,delayed,available,2025-10-06,False,49
MV Coal Pioneer,Banjarmasin,608,2025-10-10,2025-10-15,40.0,Grader,40.0,9.31,39.2,2.02,34.35,42.74,13.94,Normal,275.73,Layak,35.0,0.3,10.5,Slow,57.9,2025-10-12,delayed,transit,2025-10-06,False,49
MT Ocean Hauler,Jakarta,1305,2025-10-10,2025-10-15,40.0,Grader,40.0,9.31,39.2,2.02,34.35,42.74,13.94,Normal,99.06,Layak,35.0,0.3,10.5,Slow,124.29,2025-10-15,delayed,transit,2025-10-06,False,49
MV Coal Pioneer,Banjarmasin,608,2025-10-10,2025-10-15,167.09,Grader,40.0,41.59,26.68,1.09,33.68,59.64,22.02,Sedang,275.73,Tidak Layak,35.0,0.3,10.5,Slow,57.9,2025-10-12,cancelled,maintenance,2025-10-06,False,49
MT Ocean Hauler,Jakarta,1305,2025-10-10,2025-10-15,105.54,Excavator,120.0,9.31,39.2,2.02,34.35,42.74,13.94,Normal,33.02,Layak,20.0,0.3,6.0,Slow,217.5,2025-10-19,delayed,available,2025-10-06,False,49
KM Samudera Raya,Sukadana,813,2025-10-08,2025-10-17,545.8,Bulldozer,110.0,15.19,14.11,2.22,29.21,44.0,10.12,Normal,25.31,Tidak Layak,25.0,0.5,12.48,Slow,65.14,2025-10-10,cancelled,maintenance,2025-10-06,False,49
MT Ocean Hauler,Jakarta,1305,2025-10-10,2025-10-15,183.93,Grader,40.0,41.59,26.68,1.09,33.68,59.64,22.02,Sedang,99.06,Tidak Layak,35.0,0.3,10.5,Slow,124.29,2025-10-15,cancelled,maintenance,2025-10-06,False,49
MT Ocean Hauler,Ketapang,813,2025-10-18,2025-10-25,110.0,Bulldozer,110.0,1.42,37.99,0.26,32.44,55.4,12.29,Normal,141.43,Layak,25.0,0.3,7.5,Slow,108.4,2025-10-22,delayed,transit,2025-10-13,False,50
MT Ocean Hauler,Ketapang,813,2025-10-18,2025-10-25,110.0,Bulldozer,110.0,41.18,21.64,2.46,22.63,94.77,25.59,Sedang,141.43,Layak,25.0,0.3,7.5,Slow,108.4,2025-10-22,delayed,transit,2025-10-13,False,50
MV Pacific Runner,Balikpapan,117,2025-10-19,2025-10-28,95.96,Bulldozer,110.0,40.26,1.08,0.34,28.48,49.23,14.51,Normal,43.06,Layak,25.0,0.57,14.14,Slow,8.27,2025-10-19,delayed,transit,2025-10-13,False,50
MT Ocean Pride,Pontianak,864,2025-10-19,2025-10-26,543.16,Dump Truck,120.0,44.74,22.79,1.83,27.48,82.92,25.12,Sedang,20.64,Tidak Layak,40.0,0.3,12.0,Slow,72.0,2025-10-22,cancelled,maintenance,2025-10-13,False,50
MT Ocean Pride,Pontianak,864,2025-10-19,2025-10-26,408.73,Excavator,120.0,40.26,1.08,0.34,28.48,49.23,14.51,Normal,20.64,Tidak Layak,20.0,0.57,11.31,Slow,76.38,2025-10-22,cancelled,maintenance,2025-10-13,False,50
MT Ocean Pride,Pontianak,864,2025-10-19,2025-10-26,110.0,Bulldozer,110.0,19.55,37.17,0.39,25.55,51.12,17.81,Normal,22.51,Layak,25.0,0.3,7.5,Slow,115.2,2025-10-23,delayed,transit,2025-10-13,False,50
MV Pacific Runner,Balikpapan,117,2025-10-19,2025-10-28,110.0,Bulldozer,110.0,44.74,22.79,1.83,27.48,82.92,25.12,Sedang,43.06,Layak,25.0,0.3,7.5,Slow,15.6,2025-10-19,delayed,transit,2025-10-13,False,50
KM Bornea Harmony,Banjarmasin,608,2025-10-26,2025-11-03,299.39,Water Truck,60.0,46.15,16.35,0.31,30.82,55.09,20.44,Sedang,271.41,Tidak Layak,45.0,0.3,13.5,Slow,45.04,2025-10-27,cancelled,maintenance,2025-10-20,False,51
KM Bornea Harmony,Banjarmasin,608,2025-10-26,2025-11-03,56.77,Water Truck,60.0,43.65,30.29,2.68,27.99,59.45,24.48,Sedang,271.41,Layak,45.0,0.3,13.5,Slow,45.04,2025-10-27,delayed,transit,2025-10-20,True,51
KM Bornea Harmony,Banjarmasin,608,2025-10-26,2025-11-03,120.0,Dump Truck,120.0,23.01,1.83,2.9,28.42,94.03,14.65,Normal,135.71,Layak,40.0,0.65,25.85,Slow,23.52,2025-10-26,delayed,transit,2025-10-20,True,51
KM Bornea Harmony,Banjarmasin,608,2025-10-26,2025-11-03,532.64,Dump Truck,120.0,43.65,30.29,2.68,27.99,59.45,24.48,Sedang,135.71,Tidak Layak,40.0,0.3,12.0,Slow,50.67,2025-10-28,cancelled,maintenance,2025-10-20,True,51
KM Bornea Harmony,Banjarmasin,608,2025-10-26,2025-11-03,60.0,Water Truck,60.0,10.17,27.99,0.37,25.11,90.0,16.63,Normal,271.41,Layak,45.0,0.33,14.74,Slow,41.26,2025-10-27,delayed,transit,2025-10-20,False,51
KM Bornea Harmony,Banjarmasin,608,2025-10-26,2025-11-03,60.0,Water Truck,60.0,23.01,1.83,2.9,28.42,94.03,14.65,Normal,271.41,Layak,45.0,0.65,29.08,Slow,20.91,2025-10-26,delayed,transit,2025-10-20,True,51
KM Bornea Harmony,Banjarmasin,608,2025-10-26,2025-11-03,272.94,Water Truck,60.0,0.45,37.13,0.37,29.77,63.85,12.92,Normal,271.41,Tidak Layak,45.0,0.3,13.5,Slow,45.04,2025-10-27,cancelled,maintenance,2025-10-20,False,51
MT Ocean Pride,Jakarta,1305,2025-10-27,2025-11-04,60.0,Water Truck,60.0,17.98,28.12,0.97,33.04,59.77,15.34,Normal,66.21,Layak,45.0,0.3,13.5,Slow,96.67,2025-10-31,delayed,transit,2025-10-27,False,52
MT Ocean Pride,Jakarta,1305,2025-10-27,2025-11-04,107.86,Dump Truck,120.0,11.52,4.36,2.49,25.74,59.0,8.49,Normal,33.11,Layak,40.0,0.72,28.92,Normal,45.13,2025-10-28,on_schedule,transit,2025-10-27,False,52
MV Titan Logistics,Banjarmasin,608,2025-10-28,2025-11-05,229.11,Water Truck,60.0,28.13,19.23,1.87,31.38,70.02,17.58,Normal,235.21,Tidak Layak,45.0,0.3,13.5,Slow,45.04,2025-10-29,cancelled,maintenance,2025-10-27,False,52
MV Titan Logistics,Banjarmasin,608,2025-10-28,2025-11-05,110.0,Bulldozer,110.0,28.13,19.23,1.87,31.38,70.02,17.58,Normal,128.29,Layak,25.0,0.3,7.5,Slow,81.07,2025-10-31,delayed,transit,2025-10-27,False,52
MV Titan Logistics,Banjarmasin,608,2025-10-28,2025-11-05,100.92,Bulldozer,110.0,23.86,11.19,0.09,31.54,86.11,15.44,Normal,128.29,Layak,25.0,0.53,13.37,Slow,45.48,2025-10-29,delayed,transit,2025-10-27,False,52
KM Laut Sejahtera,Jakarta,1305,2025-10-28,2025-11-06,110.0,Bulldozer,110.0,23.86,11.19,0.09,31.54,86.11,15.44,Normal,100.09,Layak,25.0,0.53,13.37,Slow,97.62,2025-11-01,delayed,transit,2025-10-27,False,52
MV Titan Logistics,Banjarmasin,608,2025-10-28,2025-11-05,98.87,Bulldozer,110.0,23.86,11.19,0.09,31.54,86.11,15.44,Normal,128.29,Layak,25.0,0.53,13.37,Slow,45.48,2025-10-29,delayed,transit,2025-10-27,False,52
MV Coal Pioneer,Batam,1461,2025-11-05,2025-11-14,120.0,Excavator,120.0,15.5,16.18,0.5,26.5,44.8,10.65,Normal,83.67,Layak,20.0,0.51,10.12,Slow,144.3,2025-11-11,delayed,transit,2025-11-03,False,53
MV Coal Pioneer,Batam,1461,2025-11-05,2025-11-14,329.01,Loader,90.0,10.15,23.05,2.77,32.65,89.26,15.16,Normal,111.56,Tidak Layak,30.0,0.35,10.63,Slow,137.39,2025-11-10,cancelled,maintenance,2025-11-03,True,53
MV Coal Pioneer,Batam,1461,2025-11-05,2025-11-14,90.0,Loader,90.0,47.99,25.04,1.29,33.34,51.91,22.84,Sedang,111.56,Layak,30.0,0.3,9.0,Slow,162.33,2025-11-11,delayed,transit,2025-11-03,False,53
MV Coal Pioneer,Batam,1461,2025-11-05,2025-11-14,110.14,Excavator,120.0,10.15,23.05,2.77,32.65,89.26,15.16,Normal,83.67,Layak,20.0,0.35,7.09,Slow,206.09,2025-11-13,delayed,transit,2025-11-03,True,53
MT Ocean Pride,Ketapang,813,2025-11-05,2025-11-14,110.0,Bulldozer,110.0,34.81,10.18,1.61,29.94,90.9,19.49,Normal,113.75,Layak,25.0,0.4,10.0,Slow,81.29,2025-11-08,delayed,transit,2025-11-03,False,53
MV Coal Pioneer,Batam,1461,2025-11-05,2025-11-14,75.64,Loader,90.0,15.5,16.18,0.5,26.5,44.8,10.65,Normal,111.56,Layak,30.0,0.51,15.19,Slow,96.2,2025-11-09,delayed,transit,2025-11-03,False,53
MV Coal Pioneer,Batam,1461,2025-11-05,2025-11-14,115.99,Excavator,120.0,34.81,10.18,1.61,29.94,90.9,19.49,Normal,83.67,Layak,20.0,0.4,8.0,Slow,182.6,2025-11-12,delayed,transit,2025-11-03,False,53
MV Borneo Pearl,Balikpapan,117,2025-11-10,2025-11-16,90.0,Loader,90.0,24.5,8.79,1.22,34.12,49.14,11.35,Normal,101.36,Layak,30.0,0.54,16.28,Slow,7.19,2025-11-10,delayed,transit,2025-11-10,False,54
MV Borneo Pearl,Balikpapan,117,2025-11-10,2025-11-16,274.03,Loader,90.0,21.09,26.36,1.89,29.07,60.24,16.51,Normal,101.36,Tidak Layak,30.0,0.3,9.0,Slow,13.0,2025-11-10,cancelled,maintenance,2025-11-10,False,54
MV Mining Voyager,Batam,1461,2025-11-10,2025-11-16,90.0,Loader,90.0,30.49,15.47,2.83,28.26,45.79,15.48,Normal,157.22,Layak,30.0,0.3,9.02,Slow,161.94,2025-11-16,delayed,transit,2025-11-10,True,54
MV Borneo Pearl,Balikpapan,117,2025-11-10,2025-11-16,90.0,Loader,90.0,2.2,18.27,2.64,22.7,43.68,7.99,Normal,101.36,Layak,30.0,0.53,16.01,Slow,7.31,2025-11-10,delayed,transit,2025-11-10,True,54
MV Borneo Pearl,Balikpapan,117,2025-11-10,2025-11-16,90.0,Loader,90.0,34.91,5.18,1.35,24.02,54.82,15.19,Normal,101.36,Layak,30.0,0.51,15.2,Slow,7.7,2025-11-10,delayed,transit,2025-11-10,False,54
MV Borneo Pearl,Balikpapan,117,2025-11-10,2025-11-16,78.71,Loader,90.0,30.49,15.47,2.83,28.26,45.79,15.48,Normal,101.36,Layak,30.0,0.3,9.02,Slow,12.97,2025-11-10,delayed,transit,2025-11-10,True,54
MV Mining Voyager,Batam,1461,2025-11-10,2025-11-16,37.96,Grader,40.0,30.49,15.47,2.83,28.26,45.79,15.48,Normal,353.74,Layak,35.0,0.3,10.53,Slow,138.81,2025-11-15,delayed,transit,2025-11-10,True,54
